_id,ปี,เดือน,ประเภทการทำการประมง,เครื่องมือ,จังหวัด,ชนิดสัตว์น้ำ,ปริมาณ (ตัน),มูลค่า (พันบาท)
83,2562,มกราคม,พาณิชย์,อวนลากแผ่นตะเฆ่,สมุทรปราการ,ปลาทู,2,102
486,2562,มกราคม,พาณิชย์,อวนลากคู่,ชลบุรี,ปลาทู,1,51
515,2562,มกราคม,พาณิชย์,อวนลากคู่,สมุทรปราการ,ปลาทู,9,457
547,2562,มกราคม,พาณิชย์,อวนลากคู่,สมุทรสาคร,ปลาทู,6,305
578,2562,มกราคม,พาณิชย์,อวนลากคู่,สมุทรสงคราม,ปลาทู,38,1932
611,2562,มกราคม,พาณิชย์,อวนลากคู่,เพชรบุรี,ปลาทู,3,152
1140,2562,มกราคม,พาณิชย์,อวนล้อมจับ,สมุทรสาคร,ปลาทู,405,20586
1162,2562,มกราคม,พาณิชย์,อวนล้อมจับ,เพชรบุรี,ปลาทู,14,712
1883,2562,มกราคม,พาณิชย์,อวนติดตาอื่นๆ,เพชรบุรี,ปลาทู,1,51
2071,2562,กุมภาพันธ์,พาณิชย์,อวนลากแผ่นตะเฆ่,สมุทรปราการ,ปลาทู,2,102
2517,2562,กุมภาพันธ์,พาณิชย์,อวนลากคู่,สมุทรปราการ,ปลาทู,1,51
2545,2562,กุมภาพันธ์,พาณิชย์,อวนลากคู่,สมุทรสาคร,ปลาทู,1,51
2573,2562,กุมภาพันธ์,พาณิชย์,อวนลากคู่,สมุทรสงคราม,ปลาทู,2,102
3114,2562,กุมภาพันธ์,พาณิชย์,อวนล้อมจับ,สมุทรปราการ,ปลาทู,1,51
3123,2562,กุมภาพันธ์,พาณิชย์,อวนล้อมจับ,สมุทรสาคร,ปลาทู,41,2084
3860,2562,กุมภาพันธ์,พาณิชย์,อวนติดตาอื่นๆ,เพชรบุรี,ปลาทู,1,51
4055,2562,มีนาคม,พาณิชย์,อวนลากแผ่นตะเฆ่,สมุทรปราการ,ปลาทู,1,51
4474,2562,มีนาคม,พาณิชย์,อวนลากคู่,สมุทรปราการ,ปลาทู,3,152
6064,2562,เมษายน,พาณิชย์,อวนลากแผ่นตะเฆ่,สมุทรปราการ,ปลาทู,3,152
7081,2562,เมษายน,พาณิชย์,อวนล้อมจับ,สมุทรปราการ,ปลาทู,1,51
7087,2562,เมษายน,พาณิชย์,อวนล้อมจับ,สมุทรสาคร,ปลาทู,1,51
8101,2562,พฤษภาคม,พาณิชย์,อวนลากแผ่นตะเฆ่,สมุทรปราการ,ปลาทู,1,51
8567,2562,พฤษภาคม,พาณิชย์,อวนลากคู่,สมุทรสาคร,ปลาทู,1,51
9135,2562,พฤษภาคม,พาณิชย์,อวนล้อมจับ,ชลบุรี,ปลาทู,10,508
9144,2562,พฤษภาคม,พาณิชย์,อวนล้อมจับ,สมุทรปราการ,ปลาทู,5,254
9152,2562,พฤษภาคม,พาณิชย์,อวนล้อมจับ,สมุทรสาคร,ปลาทู,74,3761
9165,2562,พฤษภาคม,พาณิชย์,อวนล้อมจับ,เพชรบุรี,ปลาทู,2,102
10141,2562,มิถุนายน,พาณิชย์,อวนลากแผ่นตะเฆ่,สมุทรปราการ,ปลาทู,4,203
10578,2562,มิถุนายน,พาณิชย์,อวนลากคู่,สมุทรปราการ,ปลาทู,1,51
10595,2562,มิถุนายน,พาณิชย์,อวนลากคู่,สมุทรสาคร,ปลาทู,1,51
10612,2562,มิถุนายน,พาณิชย์,อวนลากคู่,สมุทรสงคราม,ปลาทู,25,1271
11007,2562,มิถุนายน,พาณิชย์,อวนลากคานถ่าง,สมุทรสาคร,ปลาทู,26,1322
11130,2562,มิถุนายน,พาณิชย์,อวนล้อมจับ,สมุทรสาคร,ปลาทู,39,1982
11878,2562,มิถุนายน,พาณิชย์,อวนติดตาอื่นๆ,เพชรบุรี,ปลาทู,1,51
12013,2562,กรกฎาคม,พาณิชย์,อวนลากแผ่นตะเฆ่,ชลบุรี,ปลาทู,1,51
12042,2562,กรกฎาคม,พาณิชย์,อวนลากแผ่นตะเฆ่,สมุทรปราการ,ปลาทู,3,152
12085,2562,กรกฎาคม,พาณิชย์,อวนลากแผ่นตะเฆ่,สมุทรสงคราม,ปลาทู,1,51
12523,2562,กรกฎาคม,พาณิชย์,อวนลากคู่,สมุทรปราการ,ปลาทู,3,152
12549,2562,กรกฎาคม,พาณิชย์,อวนลากคู่,สมุทรสาคร,ปลาทู,2,102
12572,2562,กรกฎาคม,พาณิชย์,อวนลากคู่,สมุทรสงคราม,ปลาทู,9,457
12596,2562,กรกฎาคม,พาณิชย์,อวนลากคู่,เพชรบุรี,ปลาทู,1,51
14310,2562,สิงหาคม,พาณิชย์,อวนลากแผ่นตะเฆ่,ชลบุรี,ปลาทู,1,51
14338,2562,สิงหาคม,พาณิชย์,อวนลากแผ่นตะเฆ่,สมุทรปราการ,ปลาทู,1,51
14801,2562,สิงหาคม,พาณิชย์,อวนลากคู่,สมุทรปราการ,ปลาทู,4,203
14825,2562,สิงหาคม,พาณิชย์,อวนลากคู่,สมุทรสาคร,ปลาทู,3,152
14880,2562,สิงหาคม,พาณิชย์,อวนลากคู่,เพชรบุรี,ปลาทู,4,203
15389,2562,สิงหาคม,พาณิชย์,อวนล้อมจับ,สมุทรสาคร,ปลาทู,1,51
16153,2562,สิงหาคม,พาณิชย์,อวนติดตาอื่นๆ,เพชรบุรี,ปลาทู,1,51
16282,2562,กันยายน,พาณิชย์,อวนลากแผ่นตะเฆ่,ชลบุรี,ปลาทู,6,305
16311,2562,กันยายน,พาณิชย์,อวนลากแผ่นตะเฆ่,สมุทรปราการ,ปลาทู,2,102
16750,2562,กันยายน,พาณิชย์,อวนลากคู่,สมุทรสาคร,ปลาทู,17,864
16778,2562,กันยายน,พาณิชย์,อวนลากคู่,สมุทรสงคราม,ปลาทู,66,3355
16809,2562,กันยายน,พาณิชย์,อวนลากคู่,เพชรบุรี,ปลาทู,11,559
17284,2562,กันยายน,พาณิชย์,อวนล้อมจับ,ชลบุรี,ปลาทู,1,51
17308,2562,กันยายน,พาณิชย์,อวนล้อมจับ,สมุทรสาคร,ปลาทู,1052,53473
17324,2562,กันยายน,พาณิชย์,อวนล้อมจับ,เพชรบุรี,ปลาทู,20,1017
18285,2562,ตุลาคม,พาณิชย์,อวนลากแผ่นตะเฆ่,ชลบุรี,ปลาทู,3,152
18318,2562,ตุลาคม,พาณิชย์,อวนลากแผ่นตะเฆ่,สมุทรปราการ,ปลาทู,3,152
18729,2562,ตุลาคม,พาณิชย์,อวนลากคู่,สมุทรปราการ,ปลาทู,15,762
18758,2562,ตุลาคม,พาณิชย์,อวนลากคู่,สมุทรสาคร,ปลาทู,14,712
18787,2562,ตุลาคม,พาณิชย์,อวนลากคู่,สมุทรสงคราม,ปลาทู,45,2287
18818,2562,ตุลาคม,พาณิชย์,อวนลากคู่,เพชรบุรี,ปลาทู,8,407
19375,2562,ตุลาคม,พาณิชย์,อวนล้อมจับ,สมุทรสาคร,ปลาทู,720,36597
19400,2562,ตุลาคม,พาณิชย์,อวนล้อมจับ,เพชรบุรี,ปลาทู,12,610
20192,2562,ตุลาคม,พาณิชย์,อวนติดตาอื่นๆ,เพชรบุรี,ปลาทู,2,102
20368,2562,พฤศจิกายน,พาณิชย์,อวนลากแผ่นตะเฆ่,สมุทรปราการ,ปลาทู,1,51
20837,2562,พฤศจิกายน,พาณิชย์,อวนลากคู่,สมุทรปราการ,ปลาทู,13,661
20864,2562,พฤศจิกายน,พาณิชย์,อวนลากคู่,สมุทรสาคร,ปลาทู,18,915
20895,2562,พฤศจิกายน,พาณิชย์,อวนลากคู่,สมุทรสงคราม,ปลาทู,8,407
20923,2562,พฤศจิกายน,พาณิชย์,อวนลากคู่,เพชรบุรี,ปลาทู,12,610
21431,2562,พฤศจิกายน,พาณิชย์,อวนล้อมจับ,สมุทรปราการ,ปลาทู,2,102
21447,2562,พฤศจิกายน,พาณิชย์,อวนล้อมจับ,สมุทรสาคร,ปลาทู,80,4066
21464,2562,พฤศจิกายน,พาณิชย์,อวนล้อมจับ,เพชรบุรี,ปลาทู,2,102
22180,2562,พฤศจิกายน,พาณิชย์,อวนติดตาอื่นๆ,เพชรบุรี,ปลาทู,1,51
22377,2562,ธันวาคม,พาณิชย์,อวนลากแผ่นตะเฆ่,สมุทรปราการ,ปลาทู,1,51
22814,2562,ธันวาคม,พาณิชย์,อวนลากคู่,สมุทรปราการ,ปลาทู,18,915
22839,2562,ธันวาคม,พาณิชย์,อวนลากคู่,สมุทรสาคร,ปลาทู,18,915
22864,2562,ธันวาคม,พาณิชย์,อวนลากคู่,สมุทรสงคราม,ปลาทู,44,2237
22893,2562,ธันวาคม,พาณิชย์,อวนลากคู่,เพชรบุรี,ปลาทู,10,508
23312,2562,ธันวาคม,พาณิชย์,อวนล้อมจับ,สมุทรปราการ,ปลาทู,3,152
23324,2562,ธันวาคม,พาณิชย์,อวนล้อมจับ,สมุทรสาคร,ปลาทู,19,966
23338,2562,ธันวาคม,พาณิชย์,อวนล้อมจับ,เพชรบุรี,ปลาทู,1,51
24034,2562,ธันวาคม,พาณิชย์,อวนติดตาอื่นๆ,เพชรบุรี,ปลาทู,2,102
75,2563,มกราคม,พาณิชย์,อวนลากแผ่นตะเฆ่,สมุทรปราการ,ปลาทู,2,118
477,2563,มกราคม,พาณิชย์,อวนลากคู่,สมุทรปราการ,ปลาทู,7,412
500,2563,มกราคม,พาณิชย์,อวนลากคู่,สมุทรสาคร,ปลาทู,3,177
514,2563,มกราคม,พาณิชย์,อวนลากคู่,สมุทรสงคราม,ปลาทู,16,942
541,2563,มกราคม,พาณิชย์,อวนลากคู่,เพชรบุรี,ปลาทู,6,353
1025,2563,มกราคม,พาณิชย์,อวนล้อมจับ,สมุทรสาคร,ปลาทู,18,1058
1517,2563,มกราคม,พาณิชย์,อวนจมปู,ชลบุรี,ปลาทู,1,59
1610,2563,มกราคม,พาณิชย์,อวนลอยปลา,ชลบุรี,ปลาทู,3,177
1614,2563,มกราคม,พาณิชย์,อวนลอยปลา,เพชรบุรี,ปลาทู,1,59
2120,2563,กุมภาพันธ์,พาณิชย์,อวนลากคู่,ชลบุรี,ปลาทู,1,59
2148,2563,กุมภาพันธ์,พาณิชย์,อวนลากคู่,สมุทรปราการ,ปลาทู,2,118
2184,2563,กุมภาพันธ์,พาณิชย์,อวนลากคู่,สมุทรสงคราม,ปลาทู,4,235
2650,2563,กุมภาพันธ์,พาณิชย์,อวนล้อมจับ,สมุทรปราการ,ปลาทู,3,177
2662,2563,กุมภาพันธ์,พาณิชย์,อวนล้อมจับ,สมุทรสาคร,ปลาทู,491,28894
2678,2563,กุมภาพันธ์,พาณิชย์,อวนล้อมจับ,เพชรบุรี,ปลาทู,1,59
3275,2563,กุมภาพันธ์,พาณิชย์,อวนลอยปลา,ชลบุรี,ปลาทู,4,235
3281,2563,กุมภาพันธ์,พาณิชย์,อวนลอยปลา,เพชรบุรี,ปลาทู,2,118
3414,2563,มีนาคม,พาณิชย์,อวนลากแผ่นตะเฆ่,สมุทรปราการ,ปลาทู,3,177
3796,2563,มีนาคม,พาณิชย์,อวนลากคู่,สมุทรปราการ,ปลาทู,10,589
3835,2563,มีนาคม,พาณิชย์,อวนลากคู่,สมุทรสงคราม,ปลาทู,81,4767
3870,2563,มีนาคม,พาณิชย์,อวนลากคู่,เพชรบุรี,ปลาทู,8,471
4317,2563,มีนาคม,พาณิชย์,อวนล้อมจับ,สมุทรสาคร,ปลาทู,11,647
4938,2563,มีนาคม,พาณิชย์,อวนลอยปลา,ชลบุรี,ปลาทู,2,117
4941,2563,มีนาคม,พาณิชย์,อวนลอยปลา,เพชรบุรี,ปลาทู,1,59
5060,2563,เมษายน,พาณิชย์,อวนลากแผ่นตะเฆ่,ชลบุรี,ปลาทู,1,59
5431,2563,เมษายน,พาณิชย์,อวนลากคู่,ชลบุรี,ปลาทู,37,2177
5462,2563,เมษายน,พาณิชย์,อวนลากคู่,สมุทรปราการ,ปลาทู,6,353
5484,2563,เมษายน,พาณิชย์,อวนลากคู่,สมุทรสาคร,ปลาทู,1,59
5497,2563,เมษายน,พาณิชย์,อวนลากคู่,สมุทรสงคราม,ปลาทู,31,1824
5526,2563,เมษายน,พาณิชย์,อวนลากคู่,เพชรบุรี,ปลาทู,7,412
6714,2563,พฤษภาคม,พาณิชย์,อวนลากแผ่นตะเฆ่,ชลบุรี,ปลาทู,2,118
7098,2563,พฤษภาคม,พาณิชย์,อวนลากคู่,ชลบุรี,ปลาทู,46,2708
7132,2563,พฤษภาคม,พาณิชย์,อวนลากคู่,สมุทรปราการ,ปลาทู,8,471
7153,2563,พฤษภาคม,พาณิชย์,อวนลากคู่,สมุทรสาคร,ปลาทู,6,353
7168,2563,พฤษภาคม,พาณิชย์,อวนลากคู่,สมุทรสงคราม,ปลาทู,1,59
7197,2563,พฤษภาคม,พาณิชย์,อวนลากคู่,เพชรบุรี,ปลาทู,6,353
7673,2563,พฤษภาคม,พาณิชย์,อวนล้อมจับ,สมุทรสาคร,ปลาทู,2,118
8353,2563,พฤษภาคม,พาณิชย์,อวนลอยปลา,เพชรบุรี,ปลาทู,1,59
8474,2563,มิถุนายน,พาณิชย์,อวนลากแผ่นตะเฆ่,ชลบุรี,ปลาทู,8,472
8499,2563,มิถุนายน,พาณิชย์,อวนลากแผ่นตะเฆ่,สมุทรปราการ,ปลาทู,4,235
8852,2563,มิถุนายน,พาณิชย์,อวนลากคู่,ชลบุรี,ปลาทู,54,3178
8883,2563,มิถุนายน,พาณิชย์,อวนลากคู่,สมุทรปราการ,ปลาทู,12,706
8905,2563,มิถุนายน,พาณิชย์,อวนลากคู่,สมุทรสาคร,ปลาทู,7,412
8950,2563,มิถุนายน,พาณิชย์,อวนลากคู่,เพชรบุรี,ปลาทู,7,412
9421,2563,มิถุนายน,พาณิชย์,อวนล้อมจับ,สมุทรสาคร,ปลาทู,9,529
10017,2563,มิถุนายน,พาณิชย์,อวนติดตาอื่นๆ,เพชรบุรี,ปลาทู,165,9710
10127,2563,กรกฎาคม,พาณิชย์,อวนลากแผ่นตะเฆ่,ชลบุรี,ปลาทู,3,177
10582,2563,กรกฎาคม,พาณิชย์,อวนลากคู่,สมุทรปราการ,ปลาทู,24,1412
10601,2563,กรกฎาคม,พาณิชย์,อวนลากคู่,สมุทรสาคร,ปลาทู,2,118
10643,2563,กรกฎาคม,พาณิชย์,อวนลากคู่,เพชรบุรี,ปลาทู,20,1177
11124,2563,กรกฎาคม,พาณิชย์,อวนล้อมจับ,สมุทรสาคร,ปลาทู,5,294
11663,2563,กรกฎาคม,พาณิชย์,อวนจมปู,ชลบุรี,ปลาทู,1,59
11797,2563,กรกฎาคม,พาณิชย์,อวนลอยปลา,ชลบุรี,ปลาทู,1,59
11943,2563,สิงหาคม,พาณิชย์,อวนลากแผ่นตะเฆ่,สมุทรปราการ,ปลาทู,2,118
12318,2563,สิงหาคม,พาณิชย์,อวนลากคู่,ชลบุรี,ปลาทู,87,5120
12348,2563,สิงหาคม,พาณิชย์,อวนลากคู่,สมุทรปราการ,ปลาทู,10,589
12369,2563,สิงหาคม,พาณิชย์,อวนลากคู่,สมุทรสาคร,ปลาทู,1,59
12881,2563,สิงหาคม,พาณิชย์,อวนล้อมจับ,สมุทรปราการ,ปลาทู,2,118
12893,2563,สิงหาคม,พาณิชย์,อวนล้อมจับ,สมุทรสาคร,ปลาทู,5,294
13614,2563,กันยายน,พาณิชย์,อวนลากแผ่นตะเฆ่,ชลบุรี,ปลาทู,8,471
13643,2563,กันยายน,พาณิชย์,อวนลากแผ่นตะเฆ่,สมุทรปราการ,ปลาทู,7,412
14039,2563,กันยายน,พาณิชย์,อวนลากคู่,สมุทรปราการ,ปลาทู,6,353
14060,2563,กันยายน,พาณิชย์,อวนลากคู่,สมุทรสาคร,ปลาทู,1,59
14077,2563,กันยายน,พาณิชย์,อวนลากคู่,สมุทรสงคราม,ปลาทู,5,294
14105,2563,กันยายน,พาณิชย์,อวนลากคู่,เพชรบุรี,ปลาทู,5,294
15693,2563,ตุลาคม,พาณิชย์,อวนลากคู่,สมุทรปราการ,ปลาทู,7,412
15714,2563,ตุลาคม,พาณิชย์,อวนลากคู่,สมุทรสาคร,ปลาทู,1,59
15732,2563,ตุลาคม,พาณิชย์,อวนลากคู่,สมุทรสงคราม,ปลาทู,7,412
15761,2563,ตุลาคม,พาณิชย์,อวนลากคู่,เพชรบุรี,ปลาทู,8,471
16258,2563,ตุลาคม,พาณิชย์,อวนล้อมจับ,สมุทรสาคร,ปลาทู,1,59
16950,2563,พฤศจิกายน,พาณิชย์,อวนลากแผ่นตะเฆ่,สมุทรปราการ,ปลาทู,18,1060
17300,2563,พฤศจิกายน,พาณิชย์,อวนลากคู่,สมุทรปราการ,ปลาทู,22,1295
17322,2563,พฤศจิกายน,พาณิชย์,อวนลากคู่,สมุทรสาคร,ปลาทู,3,177
17831,2563,พฤศจิกายน,พาณิชย์,อวนล้อมจับ,เพชรบุรี,ปลาทู,4,235
18542,2563,ธันวาคม,พาณิชย์,อวนลากแผ่นตะเฆ่,ชลบุรี,ปลาทู,2,118
18883,2563,ธันวาคม,พาณิชย์,อวนลากคู่,ชลบุรี,ปลาทู,110,6472
18915,2563,ธันวาคม,พาณิชย์,อวนลากคู่,สมุทรปราการ,ปลาทู,8,471
18934,2563,ธันวาคม,พาณิชย์,อวนลากคู่,สมุทรสาคร,ปลาทู,3,177
19409,2563,ธันวาคม,พาณิชย์,อวนล้อมจับ,สมุทรสาคร,ปลาทู,55,3237
19946,2563,ธันวาคม,พาณิชย์,อวนลอยปลา,ชลบุรี,ปลาทู,1,59
30,2564,มกราคม,พาณิชย์,อวนลากแผ่นตะเฆ่,ชลบุรี,ปลาทู,3,197
404,2564,มกราคม,พาณิชย์,อวนลากคู่,ชลบุรี,ปลาทู,69,4533
431,2564,มกราคม,พาณิชย์,อวนลากคู่,สมุทรปราการ,ปลาทู,5,329
466,2564,มกราคม,พาณิชย์,อวนลากคู่,สมุทรสงคราม,ปลาทู,41,2694
493,2564,มกราคม,พาณิชย์,อวนลากคู่,เพชรบุรี,ปลาทู,7,460
1184,2564,มกราคม,พาณิชย์,อวนครอบปลากะตัก,ชลบุรี,ปลาทู,1,66
1364,2564,มกราคม,พาณิชย์,อวนติดตาอื่นๆ,ชลบุรี,ปลาทู,1,66
1507,2564,กุมภาพันธ์,พาณิชย์,อวนลากแผ่นตะเฆ่,สมุทรปราการ,ปลาทู,3,197
1908,2564,กุมภาพันธ์,พาณิชย์,อวนลากคู่,สมุทรปราการ,ปลาทู,1,66
3068,2564,มีนาคม,พาณิชย์,อวนลากแผ่นตะเฆ่,ชลบุรี,ปลาทู,1,66
3478,2564,มีนาคม,พาณิชย์,อวนลากคู่,สมุทรปราการ,ปลาทู,4,263
3513,2564,มีนาคม,พาณิชย์,อวนลากคู่,สมุทรสงคราม,ปลาทู,8,526
3542,2564,มีนาคม,พาณิชย์,อวนลากคู่,เพชรบุรี,ปลาทู,1,66
4996,2564,เมษายน,พาณิชย์,อวนลากคู่,สมุทรปราการ,ปลาทู,1,66
5015,2564,เมษายน,พาณิชย์,อวนลากคู่,สมุทรสาคร,ปลาทู,1,66
5029,2564,เมษายน,พาณิชย์,อวนลากคู่,สมุทรสงคราม,ปลาทู,5,329
5055,2564,เมษายน,พาณิชย์,อวนลากคู่,เพชรบุรี,ปลาทู,2,131
6098,2564,พฤษภาคม,พาณิชย์,อวนลากแผ่นตะเฆ่,ชลบุรี,ปลาทู,1,66
6457,2564,พฤษภาคม,พาณิชย์,อวนลากคู่,ชลบุรี,ปลาทู,43,2825
6486,2564,พฤษภาคม,พาณิชย์,อวนลากคู่,สมุทรปราการ,ปลาทู,5,329
6506,2564,พฤษภาคม,พาณิชย์,อวนลากคู่,สมุทรสาคร,ปลาทู,3,197
6520,2564,พฤษภาคม,พาณิชย์,อวนลากคู่,สมุทรสงคราม,ปลาทู,43,2825
6550,2564,พฤษภาคม,พาณิชย์,อวนลากคู่,เพชรบุรี,ปลาทู,10,657
7001,2564,พฤษภาคม,พาณิชย์,อวนล้อมจับ,สมุทรสาคร,ปลาทู,5,329
7682,2564,มิถุนายน,พาณิชย์,อวนลากแผ่นตะเฆ่,ชลบุรี,ปลาทู,1,66
8063,2564,มิถุนายน,พาณิชย์,อวนลากคู่,ชลบุรี,ปลาทู,23,1511
8094,2564,มิถุนายน,พาณิชย์,อวนลากคู่,สมุทรปราการ,ปลาทู,5,329
8114,2564,มิถุนายน,พาณิชย์,อวนลากคู่,สมุทรสาคร,ปลาทู,1,66
8134,2564,มิถุนายน,พาณิชย์,อวนลากคู่,สมุทรสงคราม,ปลาทู,41,2694
8163,2564,มิถุนายน,พาณิชย์,อวนลากคู่,เพชรบุรี,ปลาทู,16,1051
8601,2564,มิถุนายน,พาณิชย์,อวนล้อมจับ,สมุทรสาคร,ปลาทู,4,263
9094,2564,มิถุนายน,พาณิชย์,อวนติดตาอื่นๆ,ชลบุรี,ปลาทู,1,66
9255,2564,กรกฎาคม,พาณิชย์,อวนลากแผ่นตะเฆ่,ชลบุรี,ปลาทู,1,66
9628,2564,กรกฎาคม,พาณิชย์,อวนลากคู่,ชลบุรี,ปลาทู,63,4139
9659,2564,กรกฎาคม,พาณิชย์,อวนลากคู่,สมุทรปราการ,ปลาทู,19,1248
9679,2564,กรกฎาคม,พาณิชย์,อวนลากคู่,สมุทรสาคร,ปลาทู,5,329
9697,2564,กรกฎาคม,พาณิชย์,อวนลากคู่,สมุทรสงคราม,ปลาทู,137,9002
9726,2564,กรกฎาคม,พาณิชย์,อวนลากคู่,เพชรบุรี,ปลาทู,35,2300
10178,2564,กรกฎาคม,พาณิชย์,อวนล้อมจับ,สมุทรสาคร,ปลาทู,4,263
10688,2564,กรกฎาคม,พาณิชย์,อวนติดตาอื่นๆ,ชลบุรี,ปลาทู,1,66
10832,2564,สิงหาคม,พาณิชย์,อวนลากแผ่นตะเฆ่,ชลบุรี,ปลาทู,1,66
11196,2564,สิงหาคม,พาณิชย์,อวนลากคู่,ชลบุรี,ปลาทู,65,4271
11228,2564,สิงหาคม,พาณิชย์,อวนลากคู่,สมุทรปราการ,ปลาทู,17,1117
11247,2564,สิงหาคม,พาณิชย์,อวนลากคู่,สมุทรสาคร,ปลาทู,2,131
11264,2564,สิงหาคม,พาณิชย์,อวนลากคู่,สมุทรสงคราม,ปลาทู,74,4862
11296,2564,สิงหาคม,พาณิชย์,อวนลากคู่,เพชรบุรี,ปลาทู,27,1774
12222,2564,สิงหาคม,พาณิชย์,อวนติดตาอื่นๆ,ชลบุรี,ปลาทู,1,66
12363,2564,กันยายน,พาณิชย์,อวนลากแผ่นตะเฆ่,ชลบุรี,ปลาทู,1,66
12717,2564,กันยายน,พาณิชย์,อวนลากคู่,ชลบุรี,ปลาทู,67,4402
12748,2564,กันยายน,พาณิชย์,อวนลากคู่,สมุทรปราการ,ปลาทู,28,1840
12768,2564,กันยายน,พาณิชย์,อวนลากคู่,สมุทรสาคร,ปลาทู,5,329
12782,2564,กันยายน,พาณิชย์,อวนลากคู่,สมุทรสงคราม,ปลาทู,115,7556
12813,2564,กันยายน,พาณิชย์,อวนลากคู่,เพชรบุรี,ปลาทู,15,986
13235,2564,กันยายน,พาณิชย์,อวนล้อมจับ,สมุทรสาคร,ปลาทู,105,6899
13757,2564,กันยายน,พาณิชย์,อวนลอยปลา,ชลบุรี,ปลาทู,2,131
14268,2564,ตุลาคม,พาณิชย์,อวนลากคู่,สมุทรปราการ,ปลาทู,41,2694
14293,2564,ตุลาคม,พาณิชย์,อวนลากคู่,สมุทรสาคร,ปลาทู,12,788
14311,2564,ตุลาคม,พาณิชย์,อวนลากคู่,สมุทรสงคราม,ปลาทู,67,4402
14337,2564,ตุลาคม,พาณิชย์,อวนลากคู่,เพชรบุรี,ปลาทู,28,1840
14764,2564,ตุลาคม,พาณิชย์,อวนล้อมจับ,สมุทรสาคร,ปลาทู,151,9921
15516,2564,พฤศจิกายน,พาณิชย์,อวนลากแผ่นตะเฆ่,ชลบุรี,ปลาทู,1,66
15928,2564,พฤศจิกายน,พาณิชย์,อวนลากคู่,สมุทรสาคร,ปลาทู,4,263
15970,2564,พฤศจิกายน,พาณิชย์,อวนลากคู่,เพชรบุรี,ปลาทู,2,131
16413,2564,พฤศจิกายน,พาณิชย์,อวนล้อมจับ,สมุทรสาคร,ปลาทู,400,26280
16918,2564,พฤศจิกายน,พาณิชย์,อวนลอยปลา,ชลบุรี,ปลาทู,1,66
16928,2564,พฤศจิกายน,พาณิชย์,อวนลอยปลา,เพชรบุรี,ปลาทู,1,66
17070,2564,ธันวาคม,พาณิชย์,อวนลากแผ่นตะเฆ่,สมุทรปราการ,ปลาทู,1,66
17414,2564,ธันวาคม,พาณิชย์,อวนลากคู่,ชลบุรี,ปลาทู,16,1051
17446,2564,ธันวาคม,พาณิชย์,อวนลากคู่,สมุทรปราการ,ปลาทู,23,1511
17466,2564,ธันวาคม,พาณิชย์,อวนลากคู่,สมุทรสาคร,ปลาทู,9,591
17481,2564,ธันวาคม,พาณิชย์,อวนลากคู่,สมุทรสงคราม,ปลาทู,22,1445
17507,2564,ธันวาคม,พาณิชย์,อวนลากคู่,เพชรบุรี,ปลาทู,9,591
17949,2564,ธันวาคม,พาณิชย์,อวนล้อมจับ,สมุทรสาคร,ปลาทู,1602,105249
18393,2564,ธันวาคม,พาณิชย์,อวนติดตาอื่นๆ,เพชรบุรี,ปลาทู,14,920
18434,2564,ธันวาคม,พาณิชย์,อวนลอยปลา,ชลบุรี,ปลาทู,1,66
357,2565,มกราคม,พาณิชย์,อวนลากคู่,ชลบุรี,ปลาทู,35,2398
384,2565,มกราคม,พาณิชย์,อวนลากคู่,สมุทรปราการ,ปลาทู,4,274
403,2565,มกราคม,พาณิชย์,อวนลากคู่,สมุทรสาคร,ปลาทู,28,1919
417,2565,มกราคม,พาณิชย์,อวนลากคู่,สมุทรสงคราม,ปลาทู,35,2398
444,2565,มกราคม,พาณิชย์,อวนลากคู่,เพชรบุรี,ปลาทู,55,3769
837,2565,มกราคม,พาณิชย์,อวนล้อมจับ,สมุทรสาคร,ปลาทู,360,24667
1303,2565,มกราคม,พาณิชย์,อวนติดตาอื่นๆ,ชลบุรี,ปลาทู,1,69
1306,2565,มกราคม,พาณิชย์,อวนติดตาอื่นๆ,สมุทรสงคราม,ปลาทู,6,411
1346,2565,มกราคม,พาณิชย์,อวนลอยปลา,ชลบุรี,ปลาทู,2,137
1359,2565,มกราคม,พาณิชย์,อวนลอยปลา,เพชรบุรี,ปลาทู,1,69
1745,2565,กุมภาพันธ์,พาณิชย์,อวนลากคู่,ชลบุรี,ปลาทู,4,274
1767,2565,กุมภาพันธ์,พาณิชย์,อวนลากคู่,สมุทรปราการ,ปลาทู,7,480
1787,2565,กุมภาพันธ์,พาณิชย์,อวนลากคู่,สมุทรสาคร,ปลาทู,4,274
1801,2565,กุมภาพันธ์,พาณิชย์,อวนลากคู่,สมุทรสงคราม,ปลาทู,29,1987
1827,2565,กุมภาพันธ์,พาณิชย์,อวนลากคู่,เพชรบุรี,ปลาทู,16,1096
2220,2565,กุมภาพันธ์,พาณิชย์,อวนล้อมจับ,สมุทรสาคร,ปลาทู,784,53720
2663,2565,กุมภาพันธ์,พาณิชย์,อวนติดตาอื่นๆ,ชลบุรี,ปลาทู,1,69
2717,2565,กุมภาพันธ์,พาณิชย์,อวนลอยปลา,ชลบุรี,ปลาทู,1,69
2722,2565,กุมภาพันธ์,พาณิชย์,อวนลอยปลา,สมุทรสาคร,ปลาทู,8,548
2724,2565,กุมภาพันธ์,พาณิชย์,อวนลอยปลา,เพชรบุรี,ปลาทู,3,206
3152,2565,มีนาคม,พาณิชย์,อวนลากคู่,สมุทรปราการ,ปลาทู,23,1576
3169,2565,มีนาคม,พาณิชย์,อวนลากคู่,สมุทรสาคร,ปลาทู,11,754
3184,2565,มีนาคม,พาณิชย์,อวนลากคู่,สมุทรสงคราม,ปลาทู,4,274
3210,2565,มีนาคม,พาณิชย์,อวนลากคู่,เพชรบุรี,ปลาทู,26,1782
3616,2565,มีนาคม,พาณิชย์,อวนล้อมจับ,สมุทรสาคร,ปลาทู,405,27752
4126,2565,มีนาคม,พาณิชย์,อวนลอยปลา,สมุทรสาคร,ปลาทู,1,69
4127,2565,มีนาคม,พาณิชย์,อวนลอยปลา,เพชรบุรี,ปลาทู,1,69
4219,2565,เมษายน,พาณิชย์,อวนลากแผ่นตะเฆ่,ชลบุรี,ปลาทู,2,137
4507,2565,เมษายน,พาณิชย์,อวนลากคู่,ชลบุรี,ปลาทู,43,2946
4535,2565,เมษายน,พาณิชย์,อวนลากคู่,สมุทรปราการ,ปลาทู,7,480
4551,2565,เมษายน,พาณิชย์,อวนลากคู่,สมุทรสาคร,ปลาทู,11,754
4565,2565,เมษายน,พาณิชย์,อวนลากคู่,สมุทรสงคราม,ปลาทู,4,274
4591,2565,เมษายน,พาณิชย์,อวนลากคู่,เพชรบุรี,ปลาทู,8,548
4972,2565,เมษายน,พาณิชย์,อวนล้อมจับ,สมุทรสาคร,ปลาทู,43,2946
5469,2565,เมษายน,พาณิชย์,อวนลอยปลา,สมุทรสาคร,ปลาทู,14,959
5893,2565,พฤษภาคม,พาณิชย์,อวนลากคู่,สมุทรปราการ,ปลาทู,17,1165
5909,2565,พฤษภาคม,พาณิชย์,อวนลากคู่,สมุทรสาคร,ปลาทู,24,1644
5950,2565,พฤษภาคม,พาณิชย์,อวนลากคู่,เพชรบุรี,ปลาทู,19,1302
6365,2565,พฤษภาคม,พาณิชย์,อวนล้อมจับ,สมุทรสาคร,ปลาทู,15,1028
6868,2565,พฤษภาคม,พาณิชย์,อวนลอยปลา,เพชรบุรี,ปลาทู,1,69
7315,2565,มิถุนายน,พาณิชย์,อวนลากคู่,สมุทรปราการ,ปลาทู,4,274
7329,2565,มิถุนายน,พาณิชย์,อวนลากคู่,สมุทรสาคร,ปลาทู,5,343
7341,2565,มิถุนายน,พาณิชย์,อวนลากคู่,สมุทรสงคราม,ปลาทู,8,548
7367,2565,มิถุนายน,พาณิชย์,อวนลากคู่,เพชรบุรี,ปลาทู,3,206
7756,2565,มิถุนายน,พาณิชย์,อวนล้อมจับ,สมุทรปราการ,ปลาทู,1,69
7764,2565,มิถุนายน,พาณิชย์,อวนล้อมจับ,สมุทรสาคร,ปลาทู,45,3083
8228,2565,มิถุนายน,พาณิชย์,อวนติดตาอื่นๆ,ชลบุรี,ปลาทู,1,69
8377,2565,กรกฎาคม,พาณิชย์,อวนลากแผ่นตะเฆ่,ชลบุรี,ปลาทู,2,137
8697,2565,กรกฎาคม,พาณิชย์,อวนลากคู่,ชลบุรี,ปลาทู,44,3015
8723,2565,กรกฎาคม,พาณิชย์,อวนลากคู่,สมุทรปราการ,ปลาทู,21,1439
8740,2565,กรกฎาคม,พาณิชย์,อวนลากคู่,สมุทรสาคร,ปลาทู,24,1644
8786,2565,กรกฎาคม,พาณิชย์,อวนลากคู่,เพชรบุรี,ปลาทู,26,1782
9175,2565,กรกฎาคม,พาณิชย์,อวนล้อมจับ,สมุทรสาคร,ปลาทู,664,45499
9187,2565,กรกฎาคม,พาณิชย์,อวนล้อมจับ,เพชรบุรี,ปลาทู,2,137
9770,2565,สิงหาคม,พาณิชย์,อวนลากแผ่นตะเฆ่,ชลบุรี,ปลาทู,1,69
10107,2565,สิงหาคม,พาณิชย์,อวนลากคู่,ชลบุรี,ปลาทู,104,7126
10135,2565,สิงหาคม,พาณิชย์,อวนลากคู่,สมุทรปราการ,ปลาทู,35,2398
10153,2565,สิงหาคม,พาณิชย์,อวนลากคู่,สมุทรสาคร,ปลาทู,47,3220
10194,2565,สิงหาคม,พาณิชย์,อวนลากคู่,เพชรบุรี,ปลาทู,25,1713
10600,2565,สิงหาคม,พาณิชย์,อวนล้อมจับ,สมุทรสาคร,ปลาทู,59,4043
11187,2565,กันยายน,พาณิชย์,อวนลากแผ่นตะเฆ่,ชลบุรี,ปลาทู,2,137
11496,2565,กันยายน,พาณิชย์,อวนลากคู่,ชลบุรี,ปลาทู,124,8496
11525,2565,กันยายน,พาณิชย์,อวนลากคู่,สมุทรปราการ,ปลาทู,23,1576
11544,2565,กันยายน,พาณิชย์,อวนลากคู่,สมุทรสาคร,ปลาทู,16,1096
11555,2565,กันยายน,พาณิชย์,อวนลากคู่,สมุทรสงคราม,ปลาทู,2,137
11583,2565,กันยายน,พาณิชย์,อวนลากคู่,เพชรบุรี,ปลาทู,28,1919
11973,2565,กันยายน,พาณิชย์,อวนล้อมจับ,สมุทรสาคร,ปลาทู,8,548
12450,2565,กันยายน,พาณิชย์,อวนลอยปลา,เพชรบุรี,ปลาทู,1,69
12550,2565,ตุลาคม,พาณิชย์,อวนลากแผ่นตะเฆ่,ชลบุรี,ปลาทู,4,274
12845,2565,ตุลาคม,พาณิชย์,อวนลากคู่,ชลบุรี,ปลาทู,43,2946
12869,2565,ตุลาคม,พาณิชย์,อวนลากคู่,สมุทรปราการ,ปลาทู,47,3220
12890,2565,ตุลาคม,พาณิชย์,อวนลากคู่,สมุทรสาคร,ปลาทู,10,685
12906,2565,ตุลาคม,พาณิชย์,อวนลากคู่,สมุทรสงคราม,ปลาทู,140,9593
12933,2565,ตุลาคม,พาณิชย์,อวนลากคู่,เพชรบุรี,ปลาทู,27,1850
13326,2565,ตุลาคม,พาณิชย์,อวนล้อมจับ,สมุทรสาคร,ปลาทู,476,32618
13785,2565,ตุลาคม,พาณิชย์,อวนติดตาอื่นๆ,ชลบุรี,ปลาทู,2,137
13822,2565,ตุลาคม,พาณิชย์,อวนลอยปลา,ชลบุรี,ปลาทู,1,69
13834,2565,ตุลาคม,พาณิชย์,อวนลอยปลา,เพชรบุรี,ปลาทู,1,69
14259,2565,พฤศจิกายน,พาณิชย์,อวนลากคู่,ชลบุรี,ปลาทู,11,754
14284,2565,พฤศจิกายน,พาณิชย์,อวนลากคู่,สมุทรปราการ,ปลาทู,21,1439
14304,2565,พฤศจิกายน,พาณิชย์,อวนลากคู่,สมุทรสาคร,ปลาทู,44,3015
14318,2565,พฤศจิกายน,พาณิชย์,อวนลากคู่,สมุทรสงคราม,ปลาทู,294,20145
14348,2565,พฤศจิกายน,พาณิชย์,อวนลากคู่,เพชรบุรี,ปลาทู,17,1165
14755,2565,พฤศจิกายน,พาณิชย์,อวนล้อมจับ,สมุทรสาคร,ปลาทู,280,19186
14770,2565,พฤศจิกายน,พาณิชย์,อวนล้อมจับ,เพชรบุรี,ปลาทู,152,10415
15246,2565,พฤศจิกายน,พาณิชย์,อวนลอยปลา,ชลบุรี,ปลาทู,1,69
15259,2565,พฤศจิกายน,พาณิชย์,อวนลอยปลา,เพชรบุรี,ปลาทู,1,69
15640,2565,ธันวาคม,พาณิชย์,อวนลากคู่,ชลบุรี,ปลาทู,53,3632
15667,2565,ธันวาคม,พาณิชย์,อวนลากคู่,สมุทรปราการ,ปลาทู,25,1713
15688,2565,ธันวาคม,พาณิชย์,อวนลากคู่,สมุทรสาคร,ปลาทู,51,3495
15702,2565,ธันวาคม,พาณิชย์,อวนลากคู่,สมุทรสงคราม,ปลาทู,53,3632
15730,2565,ธันวาคม,พาณิชย์,อวนลากคู่,เพชรบุรี,ปลาทู,9,617
16136,2565,ธันวาคม,พาณิชย์,อวนล้อมจับ,สมุทรสาคร,ปลาทู,547,37480
16151,2565,ธันวาคม,พาณิชย์,อวนล้อมจับ,เพชรบุรี,ปลาทู,58,3974
16622,2565,ธันวาคม,พาณิชย์,อวนลอยปลา,เพชรบุรี,ปลาทู,1,69
362,2566,มกราคม,พาณิชย์,อวนลากคู่,ชลบุรี,ปลาทู,30,2267
390,2566,มกราคม,พาณิชย์,อวนลากคู่,สมุทรปราการ,ปลาทู,7,529
407,2566,มกราคม,พาณิชย์,อวนลากคู่,สมุทรสาคร,ปลาทู,22,1663
419,2566,มกราคม,พาณิชย์,อวนลากคู่,สมุทรสงคราม,ปลาทู,55,4158
449,2566,มกราคม,พาณิชย์,อวนลากคู่,เพชรบุรี,ปลาทู,5,378
861,2566,มกราคม,พาณิชย์,อวนล้อมจับ,สมุทรสาคร,ปลาทู,209,15796
1327,2566,มกราคม,พาณิชย์,อวนลอยปลา,ชลบุรี,ปลาทู,3,227
1340,2566,มกราคม,พาณิชย์,อวนลอยปลา,สมุทรสาคร,ปลาทู,1,76
1752,2566,กุมภาพันธ์,พาณิชย์,อวนลากคู่,ชลบุรี,ปลาทู,21,1587
1780,2566,กุมภาพันธ์,พาณิชย์,อวนลากคู่,สมุทรปราการ,ปลาทู,4,302
1804,2566,กุมภาพันธ์,พาณิชย์,อวนลากคู่,สมุทรสาคร,ปลาทู,26,1965
1816,2566,กุมภาพันธ์,พาณิชย์,อวนลากคู่,สมุทรสงคราม,ปลาทู,42,3174
1846,2566,กุมภาพันธ์,พาณิชย์,อวนลากคู่,เพชรบุรี,ปลาทู,5,378
2244,2566,กุมภาพันธ์,พาณิชย์,อวนล้อมจับ,ชลบุรี,ปลาทู,2,151
2268,2566,กุมภาพันธ์,พาณิชย์,อวนล้อมจับ,สมุทรสาคร,ปลาทู,83,6273
2737,2566,กุมภาพันธ์,พาณิชย์,อวนลอยปลา,ชลบุรี,ปลาทู,5,378
3176,2566,มีนาคม,พาณิชย์,อวนลากคู่,ชลบุรี,ปลาทู,29,2192
3204,2566,มีนาคม,พาณิชย์,อวนลากคู่,สมุทรปราการ,ปลาทู,3,227
3228,2566,มีนาคม,พาณิชย์,อวนลากคู่,สมุทรสาคร,ปลาทู,7,529
3240,2566,มีนาคม,พาณิชย์,อวนลากคู่,สมุทรสงคราม,ปลาทู,28,2116
3270,2566,มีนาคม,พาณิชย์,อวนลากคู่,เพชรบุรี,ปลาทู,5,378
3660,2566,มีนาคม,พาณิชย์,อวนล้อมจับ,ชลบุรี,ปลาทู,3,227
3686,2566,มีนาคม,พาณิชย์,อวนล้อมจับ,สมุทรสาคร,ปลาทู,8,605
4184,2566,มีนาคม,พาณิชย์,อวนลอยปลา,ชลบุรี,ปลาทู,1,76
4291,2566,เมษายน,พาณิชย์,อวนลากแผ่นตะเฆ่,ชลบุรี,ปลาทู,1,76
4631,2566,เมษายน,พาณิชย์,อวนลากคู่,ชลบุรี,ปลาทู,30,2267
4659,2566,เมษายน,พาณิชย์,อวนลากคู่,สมุทรปราการ,ปลาทู,4,302
4680,2566,เมษายน,พาณิชย์,อวนลากคู่,สมุทรสาคร,ปลาทู,1,76
4692,2566,เมษายน,พาณิชย์,อวนลากคู่,สมุทรสงคราม,ปลาทู,22,1663
4723,2566,เมษายน,พาณิชย์,อวนลากคู่,เพชรบุรี,ปลาทู,4,302
5657,2566,เมษายน,พาณิชย์,อวนลอยปลา,เพชรบุรี,ปลาทู,1,76
5750,2566,พฤษภาคม,พาณิชย์,อวนลากแผ่นตะเฆ่,ชลบุรี,ปลาทู,1,76
6123,2566,พฤษภาคม,พาณิชย์,อวนลากคู่,ชลบุรี,ปลาทู,50,3779
6153,2566,พฤษภาคม,พาณิชย์,อวนลากคู่,สมุทรปราการ,ปลาทู,5,378
6173,2566,พฤษภาคม,พาณิชย์,อวนลากคู่,สมุทรสาคร,ปลาทู,4,302
6186,2566,พฤษภาคม,พาณิชย์,อวนลากคู่,สมุทรสงคราม,ปลาทู,43,3250
6217,2566,พฤษภาคม,พาณิชย์,อวนลากคู่,เพชรบุรี,ปลาทู,7,529
6648,2566,พฤษภาคม,พาณิชย์,อวนล้อมจับ,สมุทรสาคร,ปลาทู,2,151
7154,2566,พฤษภาคม,พาณิชย์,อวนลอยปลา,ชลบุรี,ปลาทู,1,76
7621,2566,มิถุนายน,พาณิชย์,อวนลากคู่,ชลบุรี,ปลาทู,42,3174
7649,2566,มิถุนายน,พาณิชย์,อวนลากคู่,สมุทรปราการ,ปลาทู,6,453
7672,2566,มิถุนายน,พาณิชย์,อวนลากคู่,สมุทรสาคร,ปลาทู,2,151
7689,2566,มิถุนายน,พาณิชย์,อวนลากคู่,สมุทรสงคราม,ปลาทู,46,3477
7722,2566,มิถุนายน,พาณิชย์,อวนลากคู่,เพชรบุรี,ปลาทู,6,453
8162,2566,มิถุนายน,พาณิชย์,อวนล้อมจับ,สมุทรสาคร,ปลาทู,2,151
9165,2566,กรกฎาคม,พาณิชย์,อวนลากคู่,ชลบุรี,ปลาทู,146,11035
9193,2566,กรกฎาคม,พาณิชย์,อวนลากคู่,สมุทรปราการ,ปลาทู,12,907
9214,2566,กรกฎาคม,พาณิชย์,อวนลากคู่,สมุทรสาคร,ปลาทู,20,1512
9229,2566,กรกฎาคม,พาณิชย์,อวนลากคู่,สมุทรสงคราม,ปลาทู,118,8918
9261,2566,กรกฎาคม,พาณิชย์,อวนลากคู่,เพชรบุรี,ปลาทู,12,907
9715,2566,กรกฎาคม,พาณิชย์,อวนล้อมจับ,สมุทรสาคร,ปลาทู,120,9070
10324,2566,สิงหาคม,พาณิชย์,อวนลากแผ่นตะเฆ่,ชลบุรี,ปลาทู,1,76
10690,2566,สิงหาคม,พาณิชย์,อวนลากคู่,ชลบุรี,ปลาทู,142,10732
10722,2566,สิงหาคม,พาณิชย์,อวนลากคู่,สมุทรปราการ,ปลาทู,13,983
10743,2566,สิงหาคม,พาณิชย์,อวนลากคู่,สมุทรสาคร,ปลาทู,32,2419
10758,2566,สิงหาคม,พาณิชย์,อวนลากคู่,สมุทรสงคราม,ปลาทู,127,9599
10790,2566,สิงหาคม,พาณิชย์,อวนลากคู่,เพชรบุรี,ปลาทู,19,1436
11219,2566,สิงหาคม,พาณิชย์,อวนล้อมจับ,สมุทรสาคร,ปลาทู,371,28040
11234,2566,สิงหาคม,พาณิชย์,อวนล้อมจับ,เพชรบุรี,ปลาทู,2,151
11710,2566,สิงหาคม,พาณิชย์,อวนลอยปลา,ชลบุรี,ปลาทู,1,76
12189,2566,กันยายน,พาณิชย์,อวนลากคู่,ชลบุรี,ปลาทู,100,7558
12218,2566,กันยายน,พาณิชย์,อวนลากคู่,สมุทรปราการ,ปลาทู,24,1814
12238,2566,กันยายน,พาณิชย์,อวนลากคู่,สมุทรสาคร,ปลาทู,15,1134
12258,2566,กันยายน,พาณิชย์,อวนลากคู่,สมุทรสงคราม,ปลาทู,130,9827
12288,2566,กันยายน,พาณิชย์,อวนลากคู่,เพชรบุรี,ปลาทู,27,2041
12720,2566,กันยายน,พาณิชย์,อวนล้อมจับ,สมุทรสาคร,ปลาทู,177,13378
13343,2566,ตุลาคม,พาณิชย์,อวนลากแผ่นตะเฆ่,ชลบุรี,ปลาทู,1,76
13725,2566,ตุลาคม,พาณิชย์,อวนลากคู่,ชลบุรี,ปลาทู,106,8011
13756,2566,ตุลาคม,พาณิชย์,อวนลากคู่,สมุทรปราการ,ปลาทู,19,1436
13776,2566,ตุลาคม,พาณิชย์,อวนลากคู่,สมุทรสาคร,ปลาทู,10,756
13797,2566,ตุลาคม,พาณิชย์,อวนลากคู่,สมุทรสงคราม,ปลาทู,204,15418
13830,2566,ตุลาคม,พาณิชย์,อวนลากคู่,เพชรบุรี,ปลาทู,29,2192
14276,2566,ตุลาคม,พาณิชย์,อวนล้อมจับ,สมุทรสาคร,ปลาทู,229,17308
14289,2566,ตุลาคม,พาณิชย์,อวนล้อมจับ,เพชรบุรี,ปลาทู,6,453
14852,2566,ตุลาคม,พาณิชย์,อวนลอยปลา,ชลบุรี,ปลาทู,2,151
14966,2566,พฤศจิกายน,พาณิชย์,อวนลากแผ่นตะเฆ่,ชลบุรี,ปลาทู,1,76
15334,2566,พฤศจิกายน,พาณิชย์,อวนลากคู่,ชลบุรี,ปลาทู,122,9221
15364,2566,พฤศจิกายน,พาณิชย์,อวนลากคู่,สมุทรปราการ,ปลาทู,19,1436
15388,2566,พฤศจิกายน,พาณิชย์,อวนลากคู่,สมุทรสาคร,ปลาทู,16,1209
15404,2566,พฤศจิกายน,พาณิชย์,อวนลากคู่,สมุทรสงคราม,ปลาทู,180,13606
15434,2566,พฤศจิกายน,พาณิชย์,อวนลากคู่,เพชรบุรี,ปลาทู,16,1209
15880,2566,พฤศจิกายน,พาณิชย์,อวนล้อมจับ,สมุทรสาคร,ปลาทู,322,24338
15892,2566,พฤศจิกายน,พาณิชย์,อวนล้อมจับ,เพชรบุรี,ปลาทู,2,151
16421,2566,พฤศจิกายน,พาณิชย์,อวนลอยปลา,ชลบุรี,ปลาทู,1,76
16441,2566,พฤศจิกายน,พาณิชย์,อวนลอยปลา,เพชรบุรี,ปลาทู,2,151
16533,2566,ธันวาคม,พาณิชย์,อวนลากแผ่นตะเฆ่,ชลบุรี,ปลาทู,1,76
16882,2566,ธันวาคม,พาณิชย์,อวนลากคู่,ชลบุรี,ปลาทู,57,4308
16911,2566,ธันวาคม,พาณิชย์,อวนลากคู่,สมุทรปราการ,ปลาทู,14,1058
16935,2566,ธันวาคม,พาณิชย์,อวนลากคู่,สมุทรสาคร,ปลาทู,45,3401
16952,2566,ธันวาคม,พาณิชย์,อวนลากคู่,สมุทรสงคราม,ปลาทู,127,9599
16982,2566,ธันวาคม,พาณิชย์,อวนลากคู่,เพชรบุรี,ปลาทู,16,1209
17380,2566,ธันวาคม,พาณิชย์,อวนล้อมจับ,ชลบุรี,ปลาทู,2,151
17402,2566,ธันวาคม,พาณิชย์,อวนล้อมจับ,สมุทรสาคร,ปลาทู,795,60086
17416,2566,ธันวาคม,พาณิชย์,อวนล้อมจับ,เพชรบุรี,ปลาทู,1,76
17903,2566,ธันวาคม,พาณิชย์,อวนลอยปลา,ชลบุรี,ปลาทู,3,227