experiment,feature_set,features,q_low,q_high,config_name,decision_name,mean_accuracy,min_accuracy,std_accuracy,mean_macro_f1,accuracy_2565,f1_2565,accuracy_2566,f1_2566,status,error
1,BASE_RAW,"sst,chlorophyll_a,rainfall,wind_speed,month,year,station_id",0.32,0.65,FULL_BALANCED,P_NORMAL,0.5704545454545454,0.4909090909090909,0.07954545454545456,0.4933060403648639,0.4909090909090909,0.3755009696186167,0.65,0.6111111111111112,OK,
2,BASE_RAW,"sst,chlorophyll_a,rainfall,wind_speed,month,year,station_id",0.32,0.65,FULL_BALANCED,P_LOW_105,0.5704545454545454,0.4909090909090909,0.07954545454545456,0.4926043818994001,0.4909090909090909,0.3755009696186167,0.65,0.6097077941801835,OK,
3,BASE_RAW,"sst,chlorophyll_a,rainfall,wind_speed,month,year,station_id",0.32,0.65,FULL_BALANCED,P_LOW_110,0.553030303030303,0.4727272727272727,0.08030303030303029,0.481732448726617,0.4727272727272727,0.36614688979039894,0.6333333333333333,0.5973180076628352,OK,
4,BASE_RAW,"sst,chlorophyll_a,rainfall,wind_speed,month,year,station_id",0.32,0.65,FULL_BALANCED,P_MED_105,0.5787878787878787,0.4909090909090909,0.08787878787878786,0.5025732817441741,0.4909090909090909,0.3755009696186167,0.6666666666666666,0.6296455938697317,OK,
5,BASE_RAW,"sst,chlorophyll_a,rainfall,wind_speed,month,year,station_id",0.32,0.65,FULL_BALANCED,P_LOW_105_MED_105,0.5787878787878787,0.4909090909090909,0.08787878787878786,0.5020249141622606,0.4909090909090909,0.3755009696186167,0.6666666666666666,0.6285488587059045,OK,
6,BASE_RAW,"sst,chlorophyll_a,rainfall,wind_speed,month,year,station_id",0.32,0.65,FULL_LOW_12_MED_12,P_NORMAL,0.568939393939394,0.45454545454545453,0.11439393939393941,0.5067662997098481,0.45454545454545453,0.3557945041816009,0.6833333333333333,0.6577380952380952,OK,
7,BASE_RAW,"sst,chlorophyll_a,rainfall,wind_speed,month,year,station_id",0.32,0.65,FULL_LOW_12_MED_12,P_LOW_105,0.5522727272727272,0.45454545454545453,0.09772727272727275,0.49017946702956194,0.45454545454545453,0.3557945041816009,0.65,0.6245644298775229,OK,
8,BASE_RAW,"sst,chlorophyll_a,rainfall,wind_speed,month,year,station_id",0.32,0.65,FULL_LOW_12_MED_12,P_LOW_110,0.543939393939394,0.45454545454545453,0.08939393939393939,0.4906527589393279,0.45454545454545453,0.3694149791063967,0.6333333333333333,0.6118905387722592,OK,
9,BASE_RAW,"sst,chlorophyll_a,rainfall,wind_speed,month,year,station_id",0.32,0.65,FULL_LOW_12_MED_12,P_MED_105,0.5515151515151515,0.43636363636363634,0.11515151515151514,0.4902301765824268,0.43636363636363634,0.3444923784872016,0.6666666666666666,0.635967974677652,OK,
10,BASE_RAW,"sst,chlorophyll_a,rainfall,wind_speed,month,year,station_id",0.32,0.65,FULL_LOW_12_MED_12,P_LOW_105_MED_105,0.5515151515151515,0.43636363636363634,0.11515151515151514,0.49459467409208563,0.43636363636363634,0.3444923784872016,0.6666666666666666,0.6446969696969697,OK,
11,BASE_RAW,"sst,chlorophyll_a,rainfall,wind_speed,month,year,station_id",0.32,0.65,FULL_LOW_12_MED_14,P_NORMAL,0.5431818181818182,0.43636363636363634,0.10681818181818184,0.4842664742664743,0.43636363636363634,0.3453006253006253,0.65,0.6232323232323232,OK,
12,BASE_RAW,"sst,chlorophyll_a,rainfall,wind_speed,month,year,station_id",0.32,0.65,FULL_LOW_12_MED_14,P_LOW_105,0.5340909090909091,0.41818181818181815,0.11590909090909093,0.48012272083310337,0.41818181818181815,0.33701311843388343,0.65,0.6232323232323232,OK,
13,BASE_RAW,"sst,chlorophyll_a,rainfall,wind_speed,month,year,station_id",0.32,0.65,FULL_LOW_12_MED_14,P_LOW_110,0.5174242424242425,0.41818181818181815,0.09924242424242427,0.47162066448782447,0.41818181818181815,0.3519650036306962,0.6166666666666667,0.5912763253449528,OK,
14,BASE_RAW,"sst,chlorophyll_a,rainfall,wind_speed,month,year,station_id",0.32,0.65,FULL_LOW_12_MED_14,P_MED_105,0.525,0.4,0.125,0.4728456698128829,0.4,0.3224590163934426,0.65,0.6232323232323232,OK,
15,BASE_RAW,"sst,chlorophyll_a,rainfall,wind_speed,month,year,station_id",0.32,0.65,FULL_LOW_12_MED_14,P_LOW_105_MED_105,0.525,0.4,0.125,0.4733682983682984,0.4,0.3235042735042735,0.65,0.6232323232323232,OK,
16,BASE_RAW,"sst,chlorophyll_a,rainfall,wind_speed,month,year,station_id",0.32,0.65,LEAF2_LOW_13_MED_13,P_NORMAL,0.5507575757575758,0.41818181818181815,0.1325757575757576,0.5003043716328945,0.41818181818181815,0.3512265512265513,0.6833333333333333,0.6493821920392379,OK,
17,BASE_RAW,"sst,chlorophyll_a,rainfall,wind_speed,month,year,station_id",0.32,0.65,LEAF2_LOW_13_MED_13,P_LOW_105,0.5492424242424243,0.38181818181818183,0.16742424242424242,0.5020989814031741,0.38181818181818183,0.3109496906107076,0.7166666666666667,0.6932482721956407,OK,
18,BASE_RAW,"sst,chlorophyll_a,rainfall,wind_speed,month,year,station_id",0.32,0.65,LEAF2_LOW_13_MED_13,P_LOW_110,0.5409090909090909,0.38181818181818183,0.15909090909090906,0.4914652608303054,0.38181818181818183,0.3109496906107076,0.7,0.6719808310499032,OK,
19,BASE_RAW,"sst,chlorophyll_a,rainfall,wind_speed,month,year,station_id",0.32,0.65,LEAF2_LOW_13_MED_13,P_MED_105,0.5590909090909091,0.41818181818181815,0.1409090909090909,0.5096506540054927,0.41818181818181815,0.3512265512265513,0.7,0.6680747567844341,OK,
20,BASE_RAW,"sst,chlorophyll_a,rainfall,wind_speed,month,year,station_id",0.32,0.65,LEAF2_LOW_13_MED_13,P_LOW_105_MED_105,0.55,0.4,0.14999999999999997,0.5043701626934408,0.4,0.3406655686024476,0.7,0.6680747567844341,OK,
21,MONTH_CYCLIC,"sst,chlorophyll_a,rainfall,wind_speed,month_sin,month_cos,year,station_id",0.32,0.65,FULL_BALANCED,P_NORMAL,0.5878787878787879,0.509090909090909,0.0787878787878788,0.49559265638886696,0.509090909090909,0.3685507246376812,0.6666666666666666,0.6226345881400527,OK,
22,MONTH_CYCLIC,"sst,chlorophyll_a,rainfall,wind_speed,month_sin,month_cos,year,station_id",0.32,0.65,FULL_BALANCED,P_LOW_105,0.571969696969697,0.5272727272727272,0.04469696969696974,0.48619975724318687,0.5272727272727272,0.39621337755666114,0.6166666666666667,0.5761861369297127,OK,
23,MONTH_CYCLIC,"sst,chlorophyll_a,rainfall,wind_speed,month_sin,month_cos,year,station_id",0.32,0.65,FULL_BALANCED,P_LOW_110,0.5795454545454546,0.509090909090909,0.07045454545454549,0.5019955191007822,0.509090909090909,0.3870851370851371,0.65,0.6169059011164274,OK,
24,MONTH_CYCLIC,"sst,chlorophyll_a,rainfall,wind_speed,month_sin,month_cos,year,station_id",0.32,0.65,FULL_BALANCED,P_MED_105,0.5878787878787879,0.509090909090909,0.0787878787878788,0.49559265638886696,0.509090909090909,0.3685507246376812,0.6666666666666666,0.6226345881400527,OK,
25,MONTH_CYCLIC,"sst,chlorophyll_a,rainfall,wind_speed,month_sin,month_cos,year,station_id",0.32,0.65,FULL_BALANCED,P_LOW_105_MED_105,0.5803030303030303,0.5272727272727272,0.05303030303030304,0.49661024420400757,0.5272727272727272,0.39621337755666114,0.6333333333333333,0.597007110851354,OK,
26,MONTH_CYCLIC,"sst,chlorophyll_a,rainfall,wind_speed,month_sin,month_cos,year,station_id",0.32,0.65,FULL_LOW_12_MED_12,P_NORMAL,0.553030303030303,0.4727272727272727,0.08030303030303029,0.48358308966861596,0.4727272727272727,0.36299951267056524,0.6333333333333333,0.6041666666666666,OK,
27,MONTH_CYCLIC,"sst,chlorophyll_a,rainfall,wind_speed,month_sin,month_cos,year,station_id",0.32,0.65,FULL_LOW_12_MED_12,P_LOW_105,0.553030303030303,0.4727272727272727,0.08030303030303029,0.4881347250017978,0.4727272727272727,0.3638262322472849,0.6333333333333333,0.6124432177563107,OK,
28,MONTH_CYCLIC,"sst,chlorophyll_a,rainfall,wind_speed,month_sin,month_cos,year,station_id",0.32,0.65,FULL_LOW_12_MED_12,P_LOW_110,0.553030303030303,0.4727272727272727,0.08030303030303029,0.4881347250017978,0.4727272727272727,0.3638262322472849,0.6333333333333333,0.6124432177563107,OK,
29,MONTH_CYCLIC,"sst,chlorophyll_a,rainfall,wind_speed,month_sin,month_cos,year,station_id",0.32,0.65,FULL_LOW_12_MED_12,P_MED_105,0.5446969696969697,0.4727272727272727,0.07196969696969699,0.48307860001408387,0.4727272727272727,0.3838013838013838,0.6166666666666667,0.582355816226784,OK,
30,MONTH_CYCLIC,"sst,chlorophyll_a,rainfall,wind_speed,month_sin,month_cos,year,station_id",0.32,0.65,FULL_LOW_12_MED_12,P_LOW_105_MED_105,0.5356060606060606,0.45454545454545453,0.08106060606060608,0.4723447027882512,0.45454545454545453,0.3531490015360983,0.6166666666666667,0.5915404040404041,OK,
31,MONTH_CYCLIC,"sst,chlorophyll_a,rainfall,wind_speed,month_sin,month_cos,year,station_id",0.32,0.65,FULL_LOW_12_MED_14,P_NORMAL,0.5621212121212121,0.4909090909090909,0.0712121212121212,0.48039760041038815,0.4909090909090909,0.3565468348077044,0.6333333333333333,0.6042483660130719,OK,
32,MONTH_CYCLIC,"sst,chlorophyll_a,rainfall,wind_speed,month_sin,month_cos,year,station_id",0.32,0.65,FULL_LOW_12_MED_14,P_LOW_105,0.5537878787878788,0.4909090909090909,0.0628787878787879,0.47408871321914803,0.4909090909090909,0.3565468348077044,0.6166666666666667,0.5916305916305916,OK,
33,MONTH_CYCLIC,"sst,chlorophyll_a,rainfall,wind_speed,month_sin,month_cos,year,station_id",0.32,0.65,FULL_LOW_12_MED_14,P_LOW_110,0.5446969696969697,0.4727272727272727,0.07196969696969699,0.4825132327873556,0.4727272727272727,0.3733958739441195,0.6166666666666667,0.5916305916305916,OK,
34,MONTH_CYCLIC,"sst,chlorophyll_a,rainfall,wind_speed,month_sin,month_cos,year,station_id",0.32,0.65,FULL_LOW_12_MED_14,P_MED_105,0.543939393939394,0.45454545454545453,0.08939393939393939,0.46827651515151514,0.45454545454545453,0.33238636363636365,0.6333333333333333,0.6041666666666666,OK,
35,MONTH_CYCLIC,"sst,chlorophyll_a,rainfall,wind_speed,month_sin,month_cos,year,station_id",0.32,0.65,FULL_LOW_12_MED_14,P_LOW_105_MED_105,0.5356060606060606,0.45454545454545453,0.08106060606060608,0.4631613103080494,0.45454545454545453,0.33469202898550726,0.6166666666666667,0.5916305916305916,OK,
36,MONTH_CYCLIC,"sst,chlorophyll_a,rainfall,wind_speed,month_sin,month_cos,year,station_id",0.32,0.65,LEAF2_LOW_13_MED_13,P_NORMAL,0.5772727272727273,0.45454545454545453,0.12272727272727271,0.5086311017809392,0.45454545454545453,0.35324422166527425,0.7,0.6640179818966041,OK,
37,MONTH_CYCLIC,"sst,chlorophyll_a,rainfall,wind_speed,month_sin,month_cos,year,station_id",0.32,0.65,LEAF2_LOW_13_MED_13,P_LOW_105,0.568939393939394,0.45454545454545453,0.11439393939393941,0.5060104644145391,0.45454545454545453,0.35324422166527425,0.6833333333333333,0.6587767071638039,OK,
38,MONTH_CYCLIC,"sst,chlorophyll_a,rainfall,wind_speed,month_sin,month_cos,year,station_id",0.32,0.65,LEAF2_LOW_13_MED_13,P_LOW_110,0.5681818181818181,0.43636363636363634,0.1318181818181818,0.5123488969933674,0.43636363636363634,0.3444923784872016,0.7,0.6802054154995331,OK,
39,MONTH_CYCLIC,"sst,chlorophyll_a,rainfall,wind_speed,month_sin,month_cos,year,station_id",0.32,0.65,LEAF2_LOW_13_MED_13,P_MED_105,0.5598484848484848,0.43636363636363634,0.1234848484848485,0.48844662680869577,0.43636363636363634,0.3264143264143264,0.6833333333333333,0.6504789272030651,OK,
40,MONTH_CYCLIC,"sst,chlorophyll_a,rainfall,wind_speed,month_sin,month_cos,year,station_id",0.32,0.65,LEAF2_LOW_13_MED_13,P_LOW_105_MED_105,0.5606060606060606,0.45454545454545453,0.10606060606060605,0.49897059568112195,0.45454545454545453,0.35324422166527425,0.6666666666666666,0.6446969696969697,OK,
41,STATION_ONEHOT,"sst,chlorophyll_a,rainfall,wind_speed,month,year,station_cat",0.32,0.65,FULL_BALANCED,P_NORMAL,0.553030303030303,0.4727272727272727,0.08030303030303029,0.4814284255017014,0.4727272727272727,0.37003205128205124,0.6333333333333333,0.5928247997213515,OK,
42,STATION_ONEHOT,"sst,chlorophyll_a,rainfall,wind_speed,month,year,station_cat",0.32,0.65,FULL_BALANCED,P_LOW_105,0.5265151515151515,0.43636363636363634,0.09015151515151518,0.45244445311771575,0.43636363636363634,0.32943469785575047,0.6166666666666667,0.5754542083796811,OK,
43,STATION_ONEHOT,"sst,chlorophyll_a,rainfall,wind_speed,month,year,station_cat",0.32,0.65,FULL_BALANCED,P_LOW_110,0.5265151515151515,0.43636363636363634,0.09015151515151518,0.45244445311771575,0.43636363636363634,0.32943469785575047,0.6166666666666667,0.5754542083796811,OK,
44,STATION_ONEHOT,"sst,chlorophyll_a,rainfall,wind_speed,month,year,station_cat",0.32,0.65,FULL_BALANCED,P_MED_105,0.553030303030303,0.4727272727272727,0.08030303030303029,0.4779567106869739,0.4727272727272727,0.37003205128205124,0.6333333333333333,0.5858813700918964,OK,
45,STATION_ONEHOT,"sst,chlorophyll_a,rainfall,wind_speed,month,year,station_cat",0.32,0.65,FULL_BALANCED,P_LOW_105_MED_105,0.5522727272727272,0.45454545454545453,0.09772727272727275,0.4859750891013124,0.45454545454545453,0.3610229276895944,0.65,0.6109272505130304,OK,
46,STATION_ONEHOT,"sst,chlorophyll_a,rainfall,wind_speed,month,year,station_cat",0.32,0.65,FULL_LOW_12_MED_12,P_NORMAL,0.5431818181818182,0.43636363636363634,0.10681818181818184,0.48247858926390624,0.43636363636363634,0.3464922174599594,0.65,0.6184649610678531,OK,
47,STATION_ONEHOT,"sst,chlorophyll_a,rainfall,wind_speed,month,year,station_cat",0.32,0.65,FULL_LOW_12_MED_12,P_LOW_105,0.5431818181818182,0.43636363636363634,0.10681818181818184,0.48247858926390624,0.43636363636363634,0.3464922174599594,0.65,0.6184649610678531,OK,
48,STATION_ONEHOT,"sst,chlorophyll_a,rainfall,wind_speed,month,year,station_cat",0.32,0.65,FULL_LOW_12_MED_12,P_LOW_110,0.5174242424242425,0.41818181818181815,0.09924242424242427,0.4633033154172067,0.41818181818181815,0.3395784543325527,0.6166666666666667,0.5870281765018607,OK,
49,STATION_ONEHOT,"sst,chlorophyll_a,rainfall,wind_speed,month,year,station_cat",0.32,0.65,FULL_LOW_12_MED_12,P_MED_105,0.5431818181818182,0.43636363636363634,0.10681818181818184,0.4816273347836196,0.43636363636363634,0.3464922174599594,0.65,0.6167624521072798,OK,
50,STATION_ONEHOT,"sst,chlorophyll_a,rainfall,wind_speed,month,year,station_cat",0.32,0.65,FULL_LOW_12_MED_12,P_LOW_105_MED_105,0.5431818181818182,0.43636363636363634,0.10681818181818184,0.48247858926390624,0.43636363636363634,0.3464922174599594,0.65,0.6184649610678531,OK,
51,STATION_ONEHOT,"sst,chlorophyll_a,rainfall,wind_speed,month,year,station_cat",0.32,0.65,FULL_LOW_12_MED_14,P_NORMAL,0.5522727272727272,0.45454545454545453,0.09772727272727275,0.4845438043366943,0.45454545454545453,0.3581603581603581,0.65,0.6109272505130304,OK,
52,STATION_ONEHOT,"sst,chlorophyll_a,rainfall,wind_speed,month,year,station_cat",0.32,0.65,FULL_LOW_12_MED_14,P_LOW_105,0.5522727272727272,0.45454545454545453,0.09772727272727275,0.4845438043366943,0.45454545454545453,0.3581603581603581,0.65,0.6109272505130304,OK,
53,STATION_ONEHOT,"sst,chlorophyll_a,rainfall,wind_speed,month,year,station_cat",0.32,0.65,FULL_LOW_12_MED_14,P_LOW_110,0.543939393939394,0.45454545454545453,0.08939393939393939,0.4892418032786885,0.45454545454545453,0.3743169398907104,0.6333333333333333,0.6041666666666666,OK,
54,STATION_ONEHOT,"sst,chlorophyll_a,rainfall,wind_speed,month,year,station_cat",0.32,0.65,FULL_LOW_12_MED_14,P_MED_105,0.5522727272727272,0.45454545454545453,0.09772727272727275,0.4845438043366943,0.45454545454545453,0.3581603581603581,0.65,0.6109272505130304,OK,
55,STATION_ONEHOT,"sst,chlorophyll_a,rainfall,wind_speed,month,year,station_cat",0.32,0.65,FULL_LOW_12_MED_14,P_LOW_105_MED_105,0.5522727272727272,0.45454545454545453,0.09772727272727275,0.4845438043366943,0.45454545454545453,0.3581603581603581,0.65,0.6109272505130304,OK,
56,STATION_ONEHOT,"sst,chlorophyll_a,rainfall,wind_speed,month,year,station_cat",0.32,0.65,LEAF2_LOW_13_MED_13,P_NORMAL,0.5333333333333333,0.4,0.1333333333333333,0.4789688817596288,0.4,0.3209235209235209,0.6666666666666666,0.6370142425957367,OK,
57,STATION_ONEHOT,"sst,chlorophyll_a,rainfall,wind_speed,month,year,station_cat",0.32,0.65,LEAF2_LOW_13_MED_13,P_LOW_105,0.5416666666666667,0.4,0.14166666666666666,0.4907605466428996,0.4,0.3209235209235209,0.6833333333333333,0.6605975723622782,OK,
58,STATION_ONEHOT,"sst,chlorophyll_a,rainfall,wind_speed,month,year,station_cat",0.32,0.65,LEAF2_LOW_13_MED_13,P_LOW_110,0.5325757575757576,0.38181818181818183,0.15075757575757576,0.48708404070765265,0.38181818181818183,0.3109496906107076,0.6833333333333333,0.6632183908045977,OK,
59,STATION_ONEHOT,"sst,chlorophyll_a,rainfall,wind_speed,month,year,station_cat",0.32,0.65,LEAF2_LOW_13_MED_13,P_MED_105,0.5340909090909091,0.41818181818181815,0.11590909090909093,0.4804219272249963,0.41818181818181815,0.3499194847020934,0.65,0.6109243697478992,OK,
60,STATION_ONEHOT,"sst,chlorophyll_a,rainfall,wind_speed,month,year,station_cat",0.32,0.65,LEAF2_LOW_13_MED_13,P_LOW_105_MED_105,0.5416666666666667,0.4,0.14166666666666666,0.4893308080808081,0.4,0.3209235209235209,0.6833333333333333,0.6577380952380952,OK,
61,CYCLIC_AND_ONEHOT,"sst,chlorophyll_a,rainfall,wind_speed,month_sin,month_cos,year,station_cat",0.32,0.65,FULL_BALANCED,P_NORMAL,0.5446969696969697,0.4727272727272727,0.07196969696969699,0.4461486387793395,0.4727272727272727,0.32676767676767676,0.6166666666666667,0.5655296007910023,OK,
62,CYCLIC_AND_ONEHOT,"sst,chlorophyll_a,rainfall,wind_speed,month_sin,month_cos,year,station_cat",0.32,0.65,FULL_BALANCED,P_LOW_105,0.5446969696969697,0.4727272727272727,0.07196969696969699,0.45183532978776275,0.4727272727272727,0.32676767676767676,0.6166666666666667,0.5769029828078488,OK,
63,CYCLIC_AND_ONEHOT,"sst,chlorophyll_a,rainfall,wind_speed,month_sin,month_cos,year,station_cat",0.32,0.65,FULL_BALANCED,P_LOW_110,0.5537878787878788,0.4909090909090909,0.0628787878787879,0.46636749353045287,0.4909090909090909,0.35583200425305694,0.6166666666666667,0.5769029828078488,OK,
64,CYCLIC_AND_ONEHOT,"sst,chlorophyll_a,rainfall,wind_speed,month_sin,month_cos,year,station_cat",0.32,0.65,FULL_BALANCED,P_MED_105,0.5454545454545454,0.4909090909090909,0.054545454545454536,0.44740259740259736,0.4909090909090909,0.35353535353535354,0.6,0.5412698412698412,OK,
65,CYCLIC_AND_ONEHOT,"sst,chlorophyll_a,rainfall,wind_speed,month_sin,month_cos,year,station_cat",0.32,0.65,FULL_BALANCED,P_LOW_105_MED_105,0.5363636363636364,0.4727272727272727,0.06363636363636363,0.4403657957375836,0.4727272727272727,0.32676767676767676,0.6,0.5539639147074905,OK,
66,CYCLIC_AND_ONEHOT,"sst,chlorophyll_a,rainfall,wind_speed,month_sin,month_cos,year,station_cat",0.32,0.65,FULL_LOW_12_MED_12,P_NORMAL,0.5454545454545454,0.4909090909090909,0.054545454545454536,0.47059350132626,0.4909090909090909,0.378974358974359,0.6,0.5622126436781609,OK,
67,CYCLIC_AND_ONEHOT,"sst,chlorophyll_a,rainfall,wind_speed,month_sin,month_cos,year,station_cat",0.32,0.65,FULL_LOW_12_MED_12,P_LOW_105,0.5446969696969697,0.4727272727272727,0.07196969696969699,0.46728157380734314,0.4727272727272727,0.34909781576448246,0.6166666666666667,0.5854653318502039,OK,
68,CYCLIC_AND_ONEHOT,"sst,chlorophyll_a,rainfall,wind_speed,month_sin,month_cos,year,station_cat",0.32,0.65,FULL_LOW_12_MED_12,P_LOW_110,0.5454545454545454,0.4909090909090909,0.054545454545454536,0.4698298668126254,0.4909090909090909,0.37466931216931215,0.6,0.5649904214559387,OK,
69,CYCLIC_AND_ONEHOT,"sst,chlorophyll_a,rainfall,wind_speed,month_sin,month_cos,year,station_cat",0.32,0.65,FULL_LOW_12_MED_12,P_MED_105,0.5356060606060606,0.45454545454545453,0.08106060606060608,0.4578297997133809,0.45454545454545453,0.33469202898550726,0.6166666666666667,0.5809675704412546,OK,
70,CYCLIC_AND_ONEHOT,"sst,chlorophyll_a,rainfall,wind_speed,month_sin,month_cos,year,station_cat",0.32,0.65,FULL_LOW_12_MED_12,P_LOW_105_MED_105,0.5446969696969697,0.4727272727272727,0.07196969696969699,0.4741444995063416,0.4727272727272727,0.3673214285714286,0.6166666666666667,0.5809675704412546,OK,
71,CYCLIC_AND_ONEHOT,"sst,chlorophyll_a,rainfall,wind_speed,month_sin,month_cos,year,station_cat",0.32,0.65,FULL_LOW_12_MED_14,P_NORMAL,0.543939393939394,0.45454545454545453,0.08939393939393939,0.4564620533836309,0.45454545454545453,0.31523259349346305,0.6333333333333333,0.5976915132737987,OK,
72,CYCLIC_AND_ONEHOT,"sst,chlorophyll_a,rainfall,wind_speed,month_sin,month_cos,year,station_cat",0.32,0.65,FULL_LOW_12_MED_14,P_LOW_105,0.5181818181818182,0.43636363636363634,0.08181818181818182,0.4360621299198886,0.43636363636363634,0.3071338383838384,0.6,0.5649904214559387,OK,
73,CYCLIC_AND_ONEHOT,"sst,chlorophyll_a,rainfall,wind_speed,month_sin,month_cos,year,station_cat",0.32,0.65,FULL_LOW_12_MED_14,P_LOW_110,0.509090909090909,0.41818181818181815,0.09090909090909091,0.4328818611146197,0.41818181818181815,0.3007733007733007,0.6,0.5649904214559387,OK,
74,CYCLIC_AND_ONEHOT,"sst,chlorophyll_a,rainfall,wind_speed,month_sin,month_cos,year,station_cat",0.32,0.65,FULL_LOW_12_MED_14,P_MED_105,0.5522727272727272,0.45454545454545453,0.09772727272727275,0.4745744078718217,0.45454545454545453,0.33238636363636365,0.65,0.6167624521072798,OK,
75,CYCLIC_AND_ONEHOT,"sst,chlorophyll_a,rainfall,wind_speed,month_sin,month_cos,year,station_cat",0.32,0.65,FULL_LOW_12_MED_14,P_LOW_105_MED_105,0.5257575757575758,0.41818181818181815,0.10757575757575757,0.45093700337019893,0.41818181818181815,0.297389003910743,0.6333333333333333,0.6044850028296548,OK,
76,CYCLIC_AND_ONEHOT,"sst,chlorophyll_a,rainfall,wind_speed,month_sin,month_cos,year,station_cat",0.32,0.65,LEAF2_LOW_13_MED_13,P_NORMAL,0.5590909090909091,0.41818181818181815,0.1409090909090909,0.4921319719706816,0.41818181818181815,0.3161891871569291,0.7,0.6680747567844341,OK,
77,CYCLIC_AND_ONEHOT,"sst,chlorophyll_a,rainfall,wind_speed,month_sin,month_cos,year,station_cat",0.32,0.65,LEAF2_LOW_13_MED_13,P_LOW_105,0.5681818181818181,0.43636363636363634,0.1318181818181818,0.5049709848096944,0.43636363636363634,0.34186721283495475,0.7,0.6680747567844341,OK,
78,CYCLIC_AND_ONEHOT,"sst,chlorophyll_a,rainfall,wind_speed,month_sin,month_cos,year,station_cat",0.32,0.65,LEAF2_LOW_13_MED_13,P_LOW_110,0.5598484848484848,0.43636363636363634,0.1234848484848485,0.49688095299931767,0.43636363636363634,0.34328245713208966,0.6833333333333333,0.6504794488665456,OK,
79,CYCLIC_AND_ONEHOT,"sst,chlorophyll_a,rainfall,wind_speed,month_sin,month_cos,year,station_cat",0.32,0.65,LEAF2_LOW_13_MED_13,P_MED_105,0.5598484848484848,0.43636363636363634,0.1234848484848485,0.5058261902307124,0.43636363636363634,0.35725642853226597,0.6833333333333333,0.6543959519291588,OK,
80,CYCLIC_AND_ONEHOT,"sst,chlorophyll_a,rainfall,wind_speed,month_sin,month_cos,year,station_cat",0.32,0.65,LEAF2_LOW_13_MED_13,P_LOW_105_MED_105,0.5416666666666667,0.4,0.14166666666666666,0.48018516458968674,0.4,0.30597437725021476,0.6833333333333333,0.6543959519291588,OK,
81,BASE_RAW,"sst,chlorophyll_a,rainfall,wind_speed,month,year,station_id",0.33,0.66,FULL_BALANCED,P_NORMAL,0.5704545454545454,0.4909090909090909,0.07954545454545456,0.4970503803161004,0.4909090909090909,0.3755009696186167,0.65,0.6185997910135841,OK,
82,BASE_RAW,"sst,chlorophyll_a,rainfall,wind_speed,month,year,station_id",0.33,0.66,FULL_BALANCED,P_LOW_105,0.5621212121212121,0.4909090909090909,0.0712121212121212,0.4907468194593208,0.4909090909090909,0.3755009696186167,0.6333333333333333,0.6059926693000249,OK,
83,BASE_RAW,"sst,chlorophyll_a,rainfall,wind_speed,month,year,station_id",0.33,0.66,FULL_BALANCED,P_LOW_110,0.5446969696969697,0.4727272727272727,0.07196969696969699,0.47978937264560995,0.4727272727272727,0.36614688979039894,0.6166666666666667,0.593431855500821,OK,
84,BASE_RAW,"sst,chlorophyll_a,rainfall,wind_speed,month,year,station_id",0.33,0.66,FULL_BALANCED,P_MED_105,0.5704545454545454,0.4909090909090909,0.07954545454545456,0.49620343536752204,0.4909090909090909,0.3755009696186167,0.65,0.6169059011164274,OK,
85,BASE_RAW,"sst,chlorophyll_a,rainfall,wind_speed,month,year,station_id",0.33,0.66,FULL_BALANCED,P_LOW_105_MED_105,0.5621212121212121,0.4909090909090909,0.0712121212121212,0.48987466781584427,0.4909090909090909,0.3755009696186167,0.6333333333333333,0.6042483660130719,OK,
86,BASE_RAW,"sst,chlorophyll_a,rainfall,wind_speed,month,year,station_id",0.33,0.66,FULL_LOW_12_MED_12,P_NORMAL,0.5356060606060606,0.45454545454545453,0.08106060606060608,0.47750163431843284,0.45454545454545453,0.3557945041816009,0.6166666666666667,0.5992087644552647,OK,
87,BASE_RAW,"sst,chlorophyll_a,rainfall,wind_speed,month,year,station_id",0.33,0.66,FULL_LOW_12_MED_12,P_LOW_105,0.543939393939394,0.45454545454545453,0.08939393939393939,0.4874841975268025,0.45454545454545453,0.3557945041816009,0.6333333333333333,0.619173890872004,OK,
88,BASE_RAW,"sst,chlorophyll_a,rainfall,wind_speed,month,year,station_id",0.33,0.66,FULL_LOW_12_MED_12,P_LOW_110,0.543939393939394,0.45454545454545453,0.08939393939393939,0.49429443498920034,0.45454545454545453,0.3694149791063967,0.6333333333333333,0.619173890872004,OK,
89,BASE_RAW,"sst,chlorophyll_a,rainfall,wind_speed,month,year,station_id",0.33,0.66,FULL_LOW_12_MED_12,P_MED_105,0.5265151515151515,0.43636363636363634,0.09015151515151518,0.47185057147123316,0.43636363636363634,0.3444923784872016,0.6166666666666667,0.5992087644552647,OK,
90,BASE_RAW,"sst,chlorophyll_a,rainfall,wind_speed,month,year,station_id",0.33,0.66,FULL_LOW_12_MED_12,P_LOW_105_MED_105,0.5265151515151515,0.43636363636363634,0.09015151515151518,0.47185057147123316,0.43636363636363634,0.3444923784872016,0.6166666666666667,0.5992087644552647,OK,
91,BASE_RAW,"sst,chlorophyll_a,rainfall,wind_speed,month,year,station_id",0.33,0.66,FULL_LOW_12_MED_14,P_NORMAL,0.5265151515151515,0.43636363636363634,0.09015151515151518,0.46828847532278906,0.43636363636363634,0.3453006253006253,0.6166666666666667,0.5912763253449528,OK,
92,BASE_RAW,"sst,chlorophyll_a,rainfall,wind_speed,month,year,station_id",0.33,0.66,FULL_LOW_12_MED_14,P_LOW_105,0.5257575757575758,0.41818181818181815,0.10757575757575757,0.47445182860307133,0.41818181818181815,0.33701311843388343,0.6333333333333333,0.6118905387722592,OK,
93,BASE_RAW,"sst,chlorophyll_a,rainfall,wind_speed,month,year,station_id",0.33,0.66,FULL_LOW_12_MED_14,P_LOW_110,0.5257575757575758,0.41818181818181815,0.10757575757575757,0.4819277712014777,0.41818181818181815,0.3519650036306962,0.6333333333333333,0.6118905387722592,OK,
94,BASE_RAW,"sst,chlorophyll_a,rainfall,wind_speed,month,year,station_id",0.33,0.66,FULL_LOW_12_MED_14,P_MED_105,0.5083333333333333,0.4,0.10833333333333334,0.4595736600369885,0.4,0.3224590163934426,0.6166666666666667,0.5966883036805345,OK,
95,BASE_RAW,"sst,chlorophyll_a,rainfall,wind_speed,month,year,station_id",0.33,0.66,FULL_LOW_12_MED_14,P_LOW_105_MED_105,0.5,0.4,0.09999999999999998,0.45058945555615926,0.4,0.3235042735042735,0.6,0.5776746376080449,OK,
96,BASE_RAW,"sst,chlorophyll_a,rainfall,wind_speed,month,year,station_id",0.33,0.66,LEAF2_LOW_13_MED_13,P_NORMAL,0.5507575757575758,0.41818181818181815,0.1325757575757576,0.5084521002927075,0.41818181818181815,0.3512265512265513,0.6833333333333333,0.6656776493588638,OK,
97,BASE_RAW,"sst,chlorophyll_a,rainfall,wind_speed,month,year,station_id",0.33,0.66,LEAF2_LOW_13_MED_13,P_LOW_105,0.5242424242424242,0.38181818181818183,0.1424242424242424,0.47798566781617624,0.38181818181818183,0.3109496906107076,0.6666666666666666,0.6450216450216449,OK,
98,BASE_RAW,"sst,chlorophyll_a,rainfall,wind_speed,month,year,station_id",0.33,0.66,LEAF2_LOW_13_MED_13,P_LOW_110,0.5242424242424242,0.38181818181818183,0.1424242424242424,0.47798566781617624,0.38181818181818183,0.3109496906107076,0.6666666666666666,0.6450216450216449,OK,
99,BASE_RAW,"sst,chlorophyll_a,rainfall,wind_speed,month,year,station_id",0.33,0.66,LEAF2_LOW_13_MED_13,P_MED_105,0.5174242424242425,0.41818181818181815,0.09924242424242427,0.4736815595306162,0.41818181818181815,0.3512265512265513,0.6166666666666667,0.596136567834681,OK,
100,BASE_RAW,"sst,chlorophyll_a,rainfall,wind_speed,month,year,station_id",0.33,0.66,LEAF2_LOW_13_MED_13,P_LOW_105_MED_105,0.525,0.4,0.125,0.4888789563435113,0.4,0.3406655686024476,0.65,0.6370923440845749,OK,
101,MONTH_CYCLIC,"sst,chlorophyll_a,rainfall,wind_speed,month_sin,month_cos,year,station_id",0.33,0.66,FULL_BALANCED,P_NORMAL,0.5628787878787879,0.509090909090909,0.05378787878787883,0.4754532704322326,0.509090909090909,0.3685507246376812,0.6166666666666667,0.582355816226784,OK,
102,MONTH_CYCLIC,"sst,chlorophyll_a,rainfall,wind_speed,month_sin,month_cos,year,station_id",0.33,0.66,FULL_BALANCED,P_LOW_105,0.5803030303030303,0.5272727272727272,0.05303030303030304,0.5001900221116639,0.5272727272727272,0.39621337755666114,0.6333333333333333,0.6041666666666666,OK,
103,MONTH_CYCLIC,"sst,chlorophyll_a,rainfall,wind_speed,month_sin,month_cos,year,station_id",0.33,0.66,FULL_BALANCED,P_LOW_110,0.5712121212121212,0.509090909090909,0.06212121212121213,0.4989846527836723,0.509090909090909,0.3870851370851371,0.6333333333333333,0.6108841684822076,OK,
104,MONTH_CYCLIC,"sst,chlorophyll_a,rainfall,wind_speed,month_sin,month_cos,year,station_id",0.33,0.66,FULL_BALANCED,P_MED_105,0.5545454545454545,0.509090909090909,0.04545454545454547,0.4641773231031543,0.509090909090909,0.3685507246376812,0.6,0.5598039215686275,OK,
105,MONTH_CYCLIC,"sst,chlorophyll_a,rainfall,wind_speed,month_sin,month_cos,year,station_id",0.33,0.66,FULL_BALANCED,P_LOW_105_MED_105,0.571969696969697,0.5272727272727272,0.04469696969696974,0.48928459689172255,0.5272727272727272,0.39621337755666114,0.6166666666666667,0.582355816226784,OK,
106,MONTH_CYCLIC,"sst,chlorophyll_a,rainfall,wind_speed,month_sin,month_cos,year,station_id",0.33,0.66,FULL_LOW_12_MED_12,P_NORMAL,0.553030303030303,0.4727272727272727,0.08030303030303029,0.48358308966861596,0.4727272727272727,0.36299951267056524,0.6333333333333333,0.6041666666666666,OK,
107,MONTH_CYCLIC,"sst,chlorophyll_a,rainfall,wind_speed,month_sin,month_cos,year,station_id",0.33,0.66,FULL_LOW_12_MED_12,P_LOW_105,0.553030303030303,0.4727272727272727,0.08030303030303029,0.4873552003647462,0.4727272727272727,0.3638262322472849,0.6333333333333333,0.6108841684822076,OK,
108,MONTH_CYCLIC,"sst,chlorophyll_a,rainfall,wind_speed,month_sin,month_cos,year,station_id",0.33,0.66,FULL_LOW_12_MED_12,P_LOW_110,0.553030303030303,0.4727272727272727,0.08030303030303029,0.4873552003647462,0.4727272727272727,0.3638262322472849,0.6333333333333333,0.6108841684822076,OK,
109,MONTH_CYCLIC,"sst,chlorophyll_a,rainfall,wind_speed,month_sin,month_cos,year,station_id",0.33,0.66,FULL_LOW_12_MED_12,P_MED_105,0.553030303030303,0.4727272727272727,0.08030303030303029,0.49271768536474414,0.4727272727272727,0.3838013838013838,0.6333333333333333,0.6016339869281045,OK,
110,MONTH_CYCLIC,"sst,chlorophyll_a,rainfall,wind_speed,month_sin,month_cos,year,station_id",0.33,0.66,FULL_LOW_12_MED_12,P_LOW_105_MED_105,0.543939393939394,0.45454545454545453,0.08939393939393939,0.48201658500915295,0.45454545454545453,0.3531490015360983,0.6333333333333333,0.6108841684822076,OK,
111,MONTH_CYCLIC,"sst,chlorophyll_a,rainfall,wind_speed,month_sin,month_cos,year,station_id",0.33,0.66,FULL_LOW_12_MED_14,P_NORMAL,0.5287878787878788,0.4909090909090909,0.03787878787878787,0.4539144430448778,0.4909090909090909,0.3565468348077044,0.5666666666666667,0.5512820512820512,OK,
112,MONTH_CYCLIC,"sst,chlorophyll_a,rainfall,wind_speed,month_sin,month_cos,year,station_id",0.33,0.66,FULL_LOW_12_MED_14,P_LOW_105,0.5371212121212121,0.4909090909090909,0.04621212121212123,0.46333410834689603,0.4909090909090909,0.3565468348077044,0.5833333333333334,0.5701213818860876,OK,
113,MONTH_CYCLIC,"sst,chlorophyll_a,rainfall,wind_speed,month_sin,month_cos,year,station_id",0.33,0.66,FULL_LOW_12_MED_14,P_LOW_110,0.5280303030303031,0.4727272727272727,0.055303030303030326,0.4717586279151036,0.4727272727272727,0.3733958739441195,0.5833333333333334,0.5701213818860876,OK,
114,MONTH_CYCLIC,"sst,chlorophyll_a,rainfall,wind_speed,month_sin,month_cos,year,station_id",0.33,0.66,FULL_LOW_12_MED_14,P_MED_105,0.5022727272727273,0.45454545454545453,0.04772727272727276,0.43491400348017994,0.45454545454545453,0.33238636363636365,0.55,0.5374416433239962,OK,
115,MONTH_CYCLIC,"sst,chlorophyll_a,rainfall,wind_speed,month_sin,month_cos,year,station_id",0.33,0.66,FULL_LOW_12_MED_14,P_LOW_105_MED_105,0.5106060606060606,0.45454545454545453,0.05606060606060606,0.4454412525879917,0.45454545454545453,0.33469202898550726,0.5666666666666667,0.5561904761904762,OK,
116,MONTH_CYCLIC,"sst,chlorophyll_a,rainfall,wind_speed,month_sin,month_cos,year,station_id",0.33,0.66,LEAF2_LOW_13_MED_13,P_NORMAL,0.5356060606060606,0.45454545454545453,0.08106060606060608,0.47815391236443866,0.45454545454545453,0.35324422166527425,0.6166666666666667,0.6030636030636031,OK,
117,MONTH_CYCLIC,"sst,chlorophyll_a,rainfall,wind_speed,month_sin,month_cos,year,station_id",0.33,0.66,LEAF2_LOW_13_MED_13,P_LOW_105,0.5356060606060606,0.45454545454545453,0.08106060606060608,0.47815391236443866,0.45454545454545453,0.35324422166527425,0.6166666666666667,0.6030636030636031,OK,
118,MONTH_CYCLIC,"sst,chlorophyll_a,rainfall,wind_speed,month_sin,month_cos,year,station_id",0.33,0.66,LEAF2_LOW_13_MED_13,P_LOW_110,0.5265151515151515,0.43636363636363634,0.09015151515151518,0.47377799077540234,0.43636363636363634,0.3444923784872016,0.6166666666666667,0.6030636030636031,OK,
119,MONTH_CYCLIC,"sst,chlorophyll_a,rainfall,wind_speed,month_sin,month_cos,year,station_id",0.33,0.66,LEAF2_LOW_13_MED_13,P_MED_105,0.5181818181818182,0.43636363636363634,0.08181818181818182,0.45451770451770446,0.43636363636363634,0.3264143264143264,0.6,0.5826210826210826,OK,
120,MONTH_CYCLIC,"sst,chlorophyll_a,rainfall,wind_speed,month_sin,month_cos,year,station_id",0.33,0.66,LEAF2_LOW_13_MED_13,P_LOW_105_MED_105,0.5356060606060606,0.45454545454545453,0.08106060606060608,0.47815391236443866,0.45454545454545453,0.35324422166527425,0.6166666666666667,0.6030636030636031,OK,
121,STATION_ONEHOT,"sst,chlorophyll_a,rainfall,wind_speed,month,year,station_cat",0.33,0.66,FULL_BALANCED,P_NORMAL,0.553030303030303,0.4727272727272727,0.08030303030303029,0.48826659157198204,0.4727272727272727,0.37003205128205124,0.6333333333333333,0.6065011318619128,OK,
122,STATION_ONEHOT,"sst,chlorophyll_a,rainfall,wind_speed,month,year,station_cat",0.33,0.66,FULL_BALANCED,P_LOW_105,0.5265151515151515,0.43636363636363634,0.09015151515151518,0.45823143717880555,0.43636363636363634,0.32943469785575047,0.6166666666666667,0.5870281765018607,OK,
123,STATION_ONEHOT,"sst,chlorophyll_a,rainfall,wind_speed,month,year,station_cat",0.33,0.66,FULL_BALANCED,P_LOW_110,0.5265151515151515,0.43636363636363634,0.09015151515151518,0.45823143717880555,0.43636363636363634,0.32943469785575047,0.6166666666666667,0.5870281765018607,OK,
124,STATION_ONEHOT,"sst,chlorophyll_a,rainfall,wind_speed,month,year,station_cat",0.33,0.66,FULL_BALANCED,P_MED_105,0.5446969696969697,0.4727272727272727,0.07196969696969699,0.47224919477074645,0.4727272727272727,0.37003205128205124,0.6166666666666667,0.5744663382594417,OK,
125,STATION_ONEHOT,"sst,chlorophyll_a,rainfall,wind_speed,month,year,station_cat",0.33,0.66,FULL_BALANCED,P_LOW_105_MED_105,0.5522727272727272,0.45454545454545453,0.09772727272727275,0.4930114638447972,0.45454545454545453,0.3610229276895944,0.65,0.625,OK,
126,STATION_ONEHOT,"sst,chlorophyll_a,rainfall,wind_speed,month,year,station_cat",0.33,0.66,FULL_LOW_12_MED_12,P_NORMAL,0.5265151515151515,0.43636363636363634,0.09015151515151518,0.4657439864888931,0.43636363636363634,0.3464922174599594,0.6166666666666667,0.5849957555178268,OK,
127,STATION_ONEHOT,"sst,chlorophyll_a,rainfall,wind_speed,month,year,station_cat",0.33,0.66,FULL_LOW_12_MED_12,P_LOW_105,0.5265151515151515,0.43636363636363634,0.09015151515151518,0.4657439864888931,0.43636363636363634,0.3464922174599594,0.6166666666666667,0.5849957555178268,OK,
128,STATION_ONEHOT,"sst,chlorophyll_a,rainfall,wind_speed,month,year,station_cat",0.33,0.66,FULL_LOW_12_MED_12,P_LOW_110,0.5174242424242425,0.41818181818181815,0.09924242424242427,0.46228710492518976,0.41818181818181815,0.3395784543325527,0.6166666666666667,0.5849957555178268,OK,
129,STATION_ONEHOT,"sst,chlorophyll_a,rainfall,wind_speed,month,year,station_cat",0.33,0.66,FULL_LOW_12_MED_12,P_MED_105,0.5265151515151515,0.43636363636363634,0.09015151515151518,0.4683849976188686,0.43636363636363634,0.3464922174599594,0.6166666666666667,0.5902777777777778,OK,
130,STATION_ONEHOT,"sst,chlorophyll_a,rainfall,wind_speed,month,year,station_cat",0.33,0.66,FULL_LOW_12_MED_12,P_LOW_105_MED_105,0.5265151515151515,0.43636363636363634,0.09015151515151518,0.4683849976188686,0.43636363636363634,0.3464922174599594,0.6166666666666667,0.5902777777777778,OK,
131,STATION_ONEHOT,"sst,chlorophyll_a,rainfall,wind_speed,month,year,station_cat",0.33,0.66,FULL_LOW_12_MED_14,P_NORMAL,0.5522727272727272,0.45454545454545453,0.09772727272727275,0.4904601073955912,0.45454545454545453,0.3581603581603581,0.65,0.6227598566308243,OK,
132,STATION_ONEHOT,"sst,chlorophyll_a,rainfall,wind_speed,month,year,station_cat",0.33,0.66,FULL_LOW_12_MED_14,P_LOW_105,0.5522727272727272,0.45454545454545453,0.09772727272727275,0.4904601073955912,0.45454545454545453,0.3581603581603581,0.65,0.6227598566308243,OK,
133,STATION_ONEHOT,"sst,chlorophyll_a,rainfall,wind_speed,month,year,station_cat",0.33,0.66,FULL_LOW_12_MED_14,P_LOW_110,0.543939393939394,0.45454545454545453,0.08939393939393939,0.49039242237285596,0.45454545454545453,0.3743169398907104,0.6333333333333333,0.6064679048550016,OK,
134,STATION_ONEHOT,"sst,chlorophyll_a,rainfall,wind_speed,month,year,station_cat",0.33,0.66,FULL_LOW_12_MED_14,P_MED_105,0.543939393939394,0.45454545454545453,0.08939393939393939,0.4834042547515033,0.45454545454545453,0.3581603581603581,0.6333333333333333,0.6086481513426485,OK,
135,STATION_ONEHOT,"sst,chlorophyll_a,rainfall,wind_speed,month,year,station_cat",0.33,0.66,FULL_LOW_12_MED_14,P_LOW_105_MED_105,0.543939393939394,0.45454545454545453,0.08939393939393939,0.4834042547515033,0.45454545454545453,0.3581603581603581,0.6333333333333333,0.6086481513426485,OK,
136,STATION_ONEHOT,"sst,chlorophyll_a,rainfall,wind_speed,month,year,station_cat",0.33,0.66,LEAF2_LOW_13_MED_13,P_NORMAL,0.5333333333333333,0.4,0.1333333333333333,0.4770350564468211,0.4,0.3209235209235209,0.6666666666666666,0.6331465919701214,OK,
137,STATION_ONEHOT,"sst,chlorophyll_a,rainfall,wind_speed,month,year,station_cat",0.33,0.66,LEAF2_LOW_13_MED_13,P_LOW_105,0.5333333333333333,0.4,0.1333333333333333,0.4831259018759019,0.4,0.3209235209235209,0.6666666666666666,0.6453282828282828,OK,
138,STATION_ONEHOT,"sst,chlorophyll_a,rainfall,wind_speed,month,year,station_cat",0.33,0.66,LEAF2_LOW_13_MED_13,P_LOW_110,0.5325757575757576,0.38181818181818183,0.15075757575757576,0.48926243658820123,0.38181818181818183,0.3109496906107076,0.6833333333333333,0.6675751825656949,OK,
139,STATION_ONEHOT,"sst,chlorophyll_a,rainfall,wind_speed,month,year,station_cat",0.33,0.66,LEAF2_LOW_13_MED_13,P_MED_105,0.5340909090909091,0.41818181818181815,0.11590909090909093,0.4796395453067117,0.41818181818181815,0.3499194847020934,0.65,0.60935960591133,OK,
140,STATION_ONEHOT,"sst,chlorophyll_a,rainfall,wind_speed,month,year,station_cat",0.33,0.66,LEAF2_LOW_13_MED_13,P_LOW_105_MED_105,0.525,0.4,0.125,0.47084644219369076,0.4,0.3209235209235209,0.65,0.6207693634638606,OK,
141,CYCLIC_AND_ONEHOT,"sst,chlorophyll_a,rainfall,wind_speed,month_sin,month_cos,year,station_cat",0.33,0.66,FULL_BALANCED,P_NORMAL,0.5613636363636364,0.4727272727272727,0.08863636363636365,0.4726163189177649,0.4727272727272727,0.32676767676767676,0.65,0.6184649610678531,OK,
142,CYCLIC_AND_ONEHOT,"sst,chlorophyll_a,rainfall,wind_speed,month_sin,month_cos,year,station_cat",0.33,0.66,FULL_BALANCED,P_LOW_105,0.5613636363636364,0.4727272727272727,0.08863636363636365,0.4726163189177649,0.4727272727272727,0.32676767676767676,0.65,0.6184649610678531,OK,
143,CYCLIC_AND_ONEHOT,"sst,chlorophyll_a,rainfall,wind_speed,month_sin,month_cos,year,station_cat",0.33,0.66,FULL_BALANCED,P_LOW_110,0.5704545454545454,0.4909090909090909,0.07954545454545456,0.487148482660455,0.4909090909090909,0.35583200425305694,0.65,0.6184649610678531,OK,
144,CYCLIC_AND_ONEHOT,"sst,chlorophyll_a,rainfall,wind_speed,month_sin,month_cos,year,station_cat",0.33,0.66,FULL_BALANCED,P_MED_105,0.5537878787878788,0.4909090909090909,0.0628787878787879,0.47209421402969787,0.4909090909090909,0.35353535353535354,0.6166666666666667,0.5906530745240423,OK,
145,CYCLIC_AND_ONEHOT,"sst,chlorophyll_a,rainfall,wind_speed,month_sin,month_cos,year,station_cat",0.33,0.66,FULL_BALANCED,P_LOW_105_MED_105,0.5446969696969697,0.4727272727272727,0.07196969696969699,0.4587103756458595,0.4727272727272727,0.32676767676767676,0.6166666666666667,0.5906530745240423,OK,
146,CYCLIC_AND_ONEHOT,"sst,chlorophyll_a,rainfall,wind_speed,month_sin,month_cos,year,station_cat",0.33,0.66,FULL_LOW_12_MED_12,P_NORMAL,0.5371212121212121,0.4909090909090909,0.04621212121212123,0.4684644522144522,0.4909090909090909,0.378974358974359,0.5833333333333334,0.5579545454545455,OK,
147,CYCLIC_AND_ONEHOT,"sst,chlorophyll_a,rainfall,wind_speed,month_sin,month_cos,year,station_cat",0.33,0.66,FULL_LOW_12_MED_12,P_LOW_105,0.5280303030303031,0.4727272727272727,0.055303030303030326,0.453526180609514,0.4727272727272727,0.34909781576448246,0.5833333333333334,0.5579545454545455,OK,
148,CYCLIC_AND_ONEHOT,"sst,chlorophyll_a,rainfall,wind_speed,month_sin,month_cos,year,station_cat",0.33,0.66,FULL_LOW_12_MED_12,P_LOW_110,0.5371212121212121,0.4909090909090909,0.04621212121212123,0.46631192881192884,0.4909090909090909,0.37466931216931215,0.5833333333333334,0.5579545454545455,OK,
149,CYCLIC_AND_ONEHOT,"sst,chlorophyll_a,rainfall,wind_speed,month_sin,month_cos,year,station_cat",0.33,0.66,FULL_LOW_12_MED_12,P_MED_105,0.5189393939393939,0.45454545454545453,0.06439393939393942,0.44632328722002634,0.45454545454545453,0.33469202898550726,0.5833333333333334,0.5579545454545455,OK,
150,CYCLIC_AND_ONEHOT,"sst,chlorophyll_a,rainfall,wind_speed,month_sin,month_cos,year,station_cat",0.33,0.66,FULL_LOW_12_MED_12,P_LOW_105_MED_105,0.5280303030303031,0.4727272727272727,0.055303030303030326,0.46263798701298703,0.4727272727272727,0.3673214285714286,0.5833333333333334,0.5579545454545455,OK,
151,CYCLIC_AND_ONEHOT,"sst,chlorophyll_a,rainfall,wind_speed,month_sin,month_cos,year,station_cat",0.33,0.66,FULL_LOW_12_MED_14,P_NORMAL,0.5189393939393939,0.45454545454545453,0.06439393939393942,0.4365935694740043,0.45454545454545453,0.31523259349346305,0.5833333333333334,0.5579545454545455,OK,
152,CYCLIC_AND_ONEHOT,"sst,chlorophyll_a,rainfall,wind_speed,month_sin,month_cos,year,station_cat",0.33,0.66,FULL_LOW_12_MED_14,P_LOW_105,0.5098484848484849,0.43636363636363634,0.07348484848484851,0.4325441919191919,0.43636363636363634,0.3071338383838384,0.5833333333333334,0.5579545454545455,OK,
153,CYCLIC_AND_ONEHOT,"sst,chlorophyll_a,rainfall,wind_speed,month_sin,month_cos,year,station_cat",0.33,0.66,FULL_LOW_12_MED_14,P_LOW_110,0.5007575757575757,0.41818181818181815,0.08257575757575761,0.42936392311392313,0.41818181818181815,0.3007733007733007,0.5833333333333334,0.5579545454545455,OK,
154,CYCLIC_AND_ONEHOT,"sst,chlorophyll_a,rainfall,wind_speed,month_sin,month_cos,year,station_cat",0.33,0.66,FULL_LOW_12_MED_14,P_MED_105,0.5189393939393939,0.45454545454545453,0.06439393939393942,0.44517045454545456,0.45454545454545453,0.33238636363636365,0.5833333333333334,0.5579545454545455,OK,
155,CYCLIC_AND_ONEHOT,"sst,chlorophyll_a,rainfall,wind_speed,month_sin,month_cos,year,station_cat",0.33,0.66,FULL_LOW_12_MED_14,P_LOW_105_MED_105,0.5007575757575757,0.41818181818181815,0.08257575757575761,0.4276717746826443,0.41818181818181815,0.297389003910743,0.5833333333333334,0.5579545454545455,OK,
156,CYCLIC_AND_ONEHOT,"sst,chlorophyll_a,rainfall,wind_speed,month_sin,month_cos,year,station_cat",0.33,0.66,LEAF2_LOW_13_MED_13,P_NORMAL,0.5424242424242424,0.41818181818181815,0.12424242424242424,0.47923196348243785,0.41818181818181815,0.3161891871569291,0.6666666666666666,0.6422747398079466,OK,
157,CYCLIC_AND_ONEHOT,"sst,chlorophyll_a,rainfall,wind_speed,month_sin,month_cos,year,station_cat",0.33,0.66,LEAF2_LOW_13_MED_13,P_LOW_105,0.5515151515151515,0.43636363636363634,0.11515151515151514,0.4920709763214507,0.43636363636363634,0.34186721283495475,0.6666666666666666,0.6422747398079466,OK,
158,CYCLIC_AND_ONEHOT,"sst,chlorophyll_a,rainfall,wind_speed,month_sin,month_cos,year,station_cat",0.33,0.66,LEAF2_LOW_13_MED_13,P_LOW_110,0.5431818181818182,0.43636363636363634,0.10681818181818184,0.48388870331351963,0.43636363636363634,0.34328245713208966,0.65,0.6244949494949495,OK,
159,CYCLIC_AND_ONEHOT,"sst,chlorophyll_a,rainfall,wind_speed,month_sin,month_cos,year,station_cat",0.33,0.66,LEAF2_LOW_13_MED_13,P_MED_105,0.5515151515151515,0.43636363636363634,0.11515151515151514,0.4997655841701063,0.43636363636363634,0.35725642853226597,0.6666666666666666,0.6422747398079466,OK,
160,CYCLIC_AND_ONEHOT,"sst,chlorophyll_a,rainfall,wind_speed,month_sin,month_cos,year,station_cat",0.33,0.66,LEAF2_LOW_13_MED_13,P_LOW_105_MED_105,0.5333333333333333,0.4,0.1333333333333333,0.47412455852908064,0.4,0.30597437725021476,0.6666666666666666,0.6422747398079466,OK,
161,BASE_RAW,"sst,chlorophyll_a,rainfall,wind_speed,month,year,station_id",0.34,0.66,FULL_BALANCED,P_NORMAL,0.5977272727272727,0.5454545454545454,0.052272727272727304,0.5356104722526922,0.5454545454545454,0.45262115349180027,0.65,0.6185997910135841,OK,
162,BASE_RAW,"sst,chlorophyll_a,rainfall,wind_speed,month,year,station_id",0.34,0.66,FULL_BALANCED,P_LOW_105,0.5893939393939394,0.5454545454545454,0.043939393939393945,0.5293069113959126,0.5454545454545454,0.45262115349180027,0.6333333333333333,0.6059926693000249,OK,
163,BASE_RAW,"sst,chlorophyll_a,rainfall,wind_speed,month,year,station_id",0.34,0.66,FULL_BALANCED,P_LOW_110,0.581060606060606,0.5454545454545454,0.03560606060606064,0.5230265044963106,0.5454545454545454,0.45262115349180027,0.6166666666666667,0.593431855500821,OK,
164,BASE_RAW,"sst,chlorophyll_a,rainfall,wind_speed,month,year,station_id",0.34,0.66,FULL_BALANCED,P_MED_105,0.5704545454545454,0.4909090909090909,0.07954545454545456,0.5146339122216315,0.4909090909090909,0.41236192332683563,0.65,0.6169059011164274,OK,
165,BASE_RAW,"sst,chlorophyll_a,rainfall,wind_speed,month,year,station_id",0.34,0.66,FULL_BALANCED,P_LOW_105_MED_105,0.5621212121212121,0.4909090909090909,0.0712121212121212,0.5083051446699538,0.4909090909090909,0.41236192332683563,0.6333333333333333,0.6042483660130719,OK,
166,BASE_RAW,"sst,chlorophyll_a,rainfall,wind_speed,month,year,station_id",0.34,0.66,FULL_LOW_12_MED_12,P_NORMAL,0.5537878787878788,0.4909090909090909,0.0628787878787879,0.5128660309731521,0.4909090909090909,0.4265232974910394,0.6166666666666667,0.5992087644552647,OK,
167,BASE_RAW,"sst,chlorophyll_a,rainfall,wind_speed,month,year,station_id",0.34,0.66,FULL_LOW_12_MED_12,P_LOW_105,0.553030303030303,0.4727272727272727,0.08030303030303029,0.5047166102051355,0.4727272727272727,0.390259329538267,0.6333333333333333,0.619173890872004,OK,
168,BASE_RAW,"sst,chlorophyll_a,rainfall,wind_speed,month,year,station_id",0.34,0.66,FULL_LOW_12_MED_12,P_LOW_110,0.543939393939394,0.45454545454545453,0.08939393939393939,0.4993076822155623,0.45454545454545453,0.37944147355912056,0.6333333333333333,0.619173890872004,OK,
169,BASE_RAW,"sst,chlorophyll_a,rainfall,wind_speed,month,year,station_id",0.34,0.66,FULL_LOW_12_MED_12,P_MED_105,0.5537878787878788,0.4909090909090909,0.0628787878787879,0.5128660309731521,0.4909090909090909,0.4265232974910394,0.6166666666666667,0.5992087644552647,OK,
170,BASE_RAW,"sst,chlorophyll_a,rainfall,wind_speed,month,year,station_id",0.34,0.66,FULL_LOW_12_MED_12,P_LOW_105_MED_105,0.5537878787878788,0.4909090909090909,0.0628787878787879,0.5128660309731521,0.4909090909090909,0.4265232974910394,0.6166666666666667,0.5992087644552647,OK,
171,BASE_RAW,"sst,chlorophyll_a,rainfall,wind_speed,month,year,station_id",0.34,0.66,FULL_LOW_12_MED_14,P_NORMAL,0.5446969696969697,0.4727272727272727,0.07196969696969699,0.5011937182280319,0.4727272727272727,0.41111111111111115,0.6166666666666667,0.5912763253449528,OK,
172,BASE_RAW,"sst,chlorophyll_a,rainfall,wind_speed,month,year,station_id",0.34,0.66,FULL_LOW_12_MED_14,P_LOW_105,0.543939393939394,0.45454545454545453,0.08939393939393939,0.5057539079864577,0.45454545454545453,0.3996172772006561,0.6333333333333333,0.6118905387722592,OK,
173,BASE_RAW,"sst,chlorophyll_a,rainfall,wind_speed,month,year,station_id",0.34,0.66,FULL_LOW_12_MED_14,P_LOW_110,0.5257575757575758,0.41818181818181815,0.10757575757575757,0.48349206217793145,0.41818181818181815,0.3550935855836037,0.6333333333333333,0.6118905387722592,OK,
174,BASE_RAW,"sst,chlorophyll_a,rainfall,wind_speed,month,year,station_id",0.34,0.66,FULL_LOW_12_MED_14,P_MED_105,0.5446969696969697,0.4727272727272727,0.07196969696969699,0.5038997073958228,0.4727272727272727,0.41111111111111115,0.6166666666666667,0.5966883036805345,OK,
175,BASE_RAW,"sst,chlorophyll_a,rainfall,wind_speed,month,year,station_id",0.34,0.66,FULL_LOW_12_MED_14,P_LOW_105_MED_105,0.5272727272727272,0.45454545454545453,0.07272727272727272,0.4886459574043505,0.45454545454545453,0.3996172772006561,0.6,0.5776746376080449,OK,
176,BASE_RAW,"sst,chlorophyll_a,rainfall,wind_speed,month,year,station_id",0.34,0.66,LEAF2_LOW_13_MED_13,P_NORMAL,0.5507575757575758,0.41818181818181815,0.1325757575757576,0.5107763924475082,0.41818181818181815,0.3558751355361525,0.6833333333333333,0.6656776493588638,OK,
177,BASE_RAW,"sst,chlorophyll_a,rainfall,wind_speed,month,year,station_id",0.34,0.66,LEAF2_LOW_13_MED_13,P_LOW_105,0.5424242424242424,0.41818181818181815,0.12424242424242424,0.5004483902788988,0.41818181818181815,0.3558751355361525,0.6666666666666666,0.6450216450216449,OK,
178,BASE_RAW,"sst,chlorophyll_a,rainfall,wind_speed,month,year,station_id",0.34,0.66,LEAF2_LOW_13_MED_13,P_LOW_110,0.5424242424242424,0.41818181818181815,0.12424242424242424,0.5004483902788988,0.41818181818181815,0.3558751355361525,0.6666666666666666,0.6450216450216449,OK,
179,BASE_RAW,"sst,chlorophyll_a,rainfall,wind_speed,month,year,station_id",0.34,0.66,LEAF2_LOW_13_MED_13,P_MED_105,0.5174242424242425,0.41818181818181815,0.09924242424242427,0.47600585168541676,0.41818181818181815,0.3558751355361525,0.6166666666666667,0.596136567834681,OK,
180,BASE_RAW,"sst,chlorophyll_a,rainfall,wind_speed,month,year,station_id",0.34,0.66,LEAF2_LOW_13_MED_13,P_LOW_105_MED_105,0.5340909090909091,0.41818181818181815,0.11590909090909093,0.49648373981036376,0.41818181818181815,0.3558751355361525,0.65,0.6370923440845749,OK,
181,MONTH_CYCLIC,"sst,chlorophyll_a,rainfall,wind_speed,month_sin,month_cos,year,station_id",0.34,0.66,FULL_BALANCED,P_NORMAL,0.5901515151515151,0.5636363636363636,0.026515151515151547,0.49832076525624913,0.5636363636363636,0.4142857142857143,0.6166666666666667,0.582355816226784,OK,
182,MONTH_CYCLIC,"sst,chlorophyll_a,rainfall,wind_speed,month_sin,month_cos,year,station_id",0.34,0.66,FULL_BALANCED,P_LOW_105,0.5984848484848484,0.5636363636363636,0.03484848484848485,0.5175810708898945,0.5636363636363636,0.4309954751131222,0.6333333333333333,0.6041666666666666,OK,
183,MONTH_CYCLIC,"sst,chlorophyll_a,rainfall,wind_speed,month_sin,month_cos,year,station_id",0.34,0.66,FULL_BALANCED,P_LOW_110,0.5712121212121212,0.509090909090909,0.06212121212121213,0.5061365286855483,0.509090909090909,0.40138888888888885,0.6333333333333333,0.6108841684822076,OK,
184,MONTH_CYCLIC,"sst,chlorophyll_a,rainfall,wind_speed,month_sin,month_cos,year,station_id",0.34,0.66,FULL_BALANCED,P_MED_105,0.5909090909090908,0.5818181818181818,0.009090909090909094,0.5047215856039385,0.5818181818181818,0.4496392496392496,0.6,0.5598039215686275,OK,
185,MONTH_CYCLIC,"sst,chlorophyll_a,rainfall,wind_speed,month_sin,month_cos,year,station_id",0.34,0.66,FULL_BALANCED,P_LOW_105_MED_105,0.5901515151515151,0.5636363636363636,0.026515151515151547,0.506675645669953,0.5636363636363636,0.4309954751131222,0.6166666666666667,0.582355816226784,OK,
186,MONTH_CYCLIC,"sst,chlorophyll_a,rainfall,wind_speed,month_sin,month_cos,year,station_id",0.34,0.66,FULL_LOW_12_MED_12,P_NORMAL,0.543939393939394,0.45454545454545453,0.08939393939393939,0.48571535244922337,0.45454545454545453,0.36726403823178017,0.6333333333333333,0.6041666666666666,OK,
187,MONTH_CYCLIC,"sst,chlorophyll_a,rainfall,wind_speed,month_sin,month_cos,year,station_id",0.34,0.66,FULL_LOW_12_MED_12,P_LOW_105,0.543939393939394,0.45454545454545453,0.08939393939393939,0.48907410335699386,0.45454545454545453,0.36726403823178017,0.6333333333333333,0.6108841684822076,OK,
188,MONTH_CYCLIC,"sst,chlorophyll_a,rainfall,wind_speed,month_sin,month_cos,year,station_id",0.34,0.66,FULL_LOW_12_MED_12,P_LOW_110,0.5348484848484848,0.43636363636363634,0.09848484848484848,0.4838505297040178,0.43636363636363634,0.356816890925828,0.6333333333333333,0.6108841684822076,OK,
189,MONTH_CYCLIC,"sst,chlorophyll_a,rainfall,wind_speed,month_sin,month_cos,year,station_id",0.34,0.66,FULL_LOW_12_MED_12,P_MED_105,0.5348484848484848,0.43636363636363634,0.09848484848484848,0.47870981294444725,0.43636363636363634,0.3557856389607899,0.6333333333333333,0.6016339869281045,OK,
190,MONTH_CYCLIC,"sst,chlorophyll_a,rainfall,wind_speed,month_sin,month_cos,year,station_id",0.34,0.66,FULL_LOW_12_MED_12,P_LOW_105_MED_105,0.5348484848484848,0.43636363636363634,0.09848484848484848,0.4833349037214988,0.43636363636363634,0.3557856389607899,0.6333333333333333,0.6108841684822076,OK,
191,MONTH_CYCLIC,"sst,chlorophyll_a,rainfall,wind_speed,month_sin,month_cos,year,station_id",0.34,0.66,FULL_LOW_12_MED_14,P_NORMAL,0.5378787878787878,0.509090909090909,0.028787878787878807,0.48700276331855274,0.509090909090909,0.4227234753550542,0.5666666666666667,0.5512820512820512,OK,
192,MONTH_CYCLIC,"sst,chlorophyll_a,rainfall,wind_speed,month_sin,month_cos,year,station_id",0.34,0.66,FULL_LOW_12_MED_14,P_LOW_105,0.5462121212121211,0.509090909090909,0.037121212121212166,0.49642242862057095,0.509090909090909,0.4227234753550542,0.5833333333333334,0.5701213818860876,OK,
193,MONTH_CYCLIC,"sst,chlorophyll_a,rainfall,wind_speed,month_sin,month_cos,year,station_id",0.34,0.66,FULL_LOW_12_MED_14,P_LOW_110,0.5280303030303031,0.4727272727272727,0.055303030303030326,0.4748140116261558,0.4727272727272727,0.37950664136622386,0.5833333333333334,0.5701213818860876,OK,
194,MONTH_CYCLIC,"sst,chlorophyll_a,rainfall,wind_speed,month_sin,month_cos,year,station_id",0.34,0.66,FULL_LOW_12_MED_14,P_MED_105,0.5113636363636364,0.4727272727272727,0.03863636363636366,0.46738321977794817,0.4727272727272727,0.39732479623190003,0.55,0.5374416433239962,OK,
195,MONTH_CYCLIC,"sst,chlorophyll_a,rainfall,wind_speed,month_sin,month_cos,year,station_id",0.34,0.66,FULL_LOW_12_MED_14,P_LOW_105_MED_105,0.5196969696969697,0.4727272727272727,0.04696969696969697,0.4771584699453552,0.4727272727272727,0.3981264637002342,0.5666666666666667,0.5561904761904762,OK,
196,MONTH_CYCLIC,"sst,chlorophyll_a,rainfall,wind_speed,month_sin,month_cos,year,station_id",0.34,0.66,LEAF2_LOW_13_MED_13,P_NORMAL,0.5356060606060606,0.45454545454545453,0.08106060606060608,0.4851638206476916,0.45454545454545453,0.36726403823178017,0.6166666666666667,0.6030636030636031,OK,
197,MONTH_CYCLIC,"sst,chlorophyll_a,rainfall,wind_speed,month_sin,month_cos,year,station_id",0.34,0.66,LEAF2_LOW_13_MED_13,P_LOW_105,0.5265151515151515,0.43636363636363634,0.09015151515151518,0.47994024699471555,0.43636363636363634,0.356816890925828,0.6166666666666667,0.6030636030636031,OK,
198,MONTH_CYCLIC,"sst,chlorophyll_a,rainfall,wind_speed,month_sin,month_cos,year,station_id",0.34,0.66,LEAF2_LOW_13_MED_13,P_LOW_110,0.5265151515151515,0.43636363636363634,0.09015151515151518,0.47994024699471555,0.43636363636363634,0.356816890925828,0.6166666666666667,0.6030636030636031,OK,
199,MONTH_CYCLIC,"sst,chlorophyll_a,rainfall,wind_speed,month_sin,month_cos,year,station_id",0.34,0.66,LEAF2_LOW_13_MED_13,P_MED_105,0.5181818181818182,0.43636363636363634,0.08181818181818182,0.4692033607909363,0.43636363636363634,0.3557856389607899,0.6,0.5826210826210826,OK,
200,MONTH_CYCLIC,"sst,chlorophyll_a,rainfall,wind_speed,month_sin,month_cos,year,station_id",0.34,0.66,LEAF2_LOW_13_MED_13,P_LOW_105_MED_105,0.5174242424242425,0.41818181818181815,0.09924242424242427,0.47407471796266365,0.41818181818181815,0.3450858328617242,0.6166666666666667,0.6030636030636031,OK,
201,STATION_ONEHOT,"sst,chlorophyll_a,rainfall,wind_speed,month,year,station_cat",0.34,0.66,FULL_BALANCED,P_NORMAL,0.553030303030303,0.4727272727272727,0.08030303030303029,0.49708584858202853,0.4727272727272727,0.3876705653021442,0.6333333333333333,0.6065011318619128,OK,
202,STATION_ONEHOT,"sst,chlorophyll_a,rainfall,wind_speed,month,year,station_cat",0.34,0.66,FULL_BALANCED,P_LOW_105,0.5537878787878788,0.4909090909090909,0.0628787878787879,0.5024812958236146,0.4909090909090909,0.4179344151453685,0.6166666666666667,0.5870281765018607,OK,
203,STATION_ONEHOT,"sst,chlorophyll_a,rainfall,wind_speed,month,year,station_cat",0.34,0.66,FULL_BALANCED,P_LOW_110,0.5537878787878788,0.4909090909090909,0.0628787878787879,0.5026021679272453,0.4909090909090909,0.4181761593526299,0.6166666666666667,0.5870281765018607,OK,
204,STATION_ONEHOT,"sst,chlorophyll_a,rainfall,wind_speed,month,year,station_cat",0.34,0.66,FULL_BALANCED,P_MED_105,0.5446969696969697,0.4727272727272727,0.07196969696969699,0.47986137425792597,0.4727272727272727,0.3852564102564102,0.6166666666666667,0.5744663382594417,OK,
205,STATION_ONEHOT,"sst,chlorophyll_a,rainfall,wind_speed,month,year,station_cat",0.34,0.66,FULL_BALANCED,P_LOW_105_MED_105,0.5613636363636364,0.4727272727272727,0.08863636363636365,0.5063352826510721,0.4727272727272727,0.3876705653021442,0.65,0.625,OK,
206,STATION_ONEHOT,"sst,chlorophyll_a,rainfall,wind_speed,month,year,station_cat",0.34,0.66,FULL_LOW_12_MED_12,P_NORMAL,0.5446969696969697,0.4727272727272727,0.07196969696969699,0.4866638482406733,0.4727272727272727,0.3883319409635199,0.6166666666666667,0.5849957555178268,OK,
207,STATION_ONEHOT,"sst,chlorophyll_a,rainfall,wind_speed,month,year,station_cat",0.34,0.66,FULL_LOW_12_MED_12,P_LOW_105,0.5446969696969697,0.4727272727272727,0.07196969696969699,0.48835629775526446,0.4727272727272727,0.39171683999270207,0.6166666666666667,0.5849957555178268,OK,
208,STATION_ONEHOT,"sst,chlorophyll_a,rainfall,wind_speed,month,year,station_cat",0.34,0.66,FULL_LOW_12_MED_12,P_LOW_110,0.5537878787878788,0.4909090909090909,0.0628787878787879,0.5015859574352284,0.4909090909090909,0.4181761593526299,0.6166666666666667,0.5849957555178268,OK,
209,STATION_ONEHOT,"sst,chlorophyll_a,rainfall,wind_speed,month,year,station_cat",0.34,0.66,FULL_LOW_12_MED_12,P_MED_105,0.5356060606060606,0.45454545454545453,0.08106060606060608,0.4830037122375832,0.45454545454545453,0.37572964669738856,0.6166666666666667,0.5902777777777778,OK,
210,STATION_ONEHOT,"sst,chlorophyll_a,rainfall,wind_speed,month,year,station_cat",0.34,0.66,FULL_LOW_12_MED_12,P_LOW_105_MED_105,0.5356060606060606,0.45454545454545453,0.08106060606060608,0.4830037122375832,0.45454545454545453,0.37572964669738856,0.6166666666666667,0.5902777777777778,OK,
211,STATION_ONEHOT,"sst,chlorophyll_a,rainfall,wind_speed,month,year,station_cat",0.34,0.66,FULL_LOW_12_MED_14,P_NORMAL,0.5613636363636364,0.4727272727272727,0.08863636363636365,0.5121390563914421,0.4727272727272727,0.4015182561520598,0.65,0.6227598566308243,OK,
212,STATION_ONEHOT,"sst,chlorophyll_a,rainfall,wind_speed,month,year,station_cat",0.34,0.66,FULL_LOW_12_MED_14,P_LOW_105,0.5704545454545454,0.4909090909090909,0.07954545454545456,0.523392199430358,0.4909090909090909,0.42402454222989167,0.65,0.6227598566308243,OK,
213,STATION_ONEHOT,"sst,chlorophyll_a,rainfall,wind_speed,month,year,station_cat",0.34,0.66,FULL_LOW_12_MED_14,P_LOW_110,0.553030303030303,0.4727272727272727,0.08030303030303029,0.5108728413163897,0.4727272727272727,0.4152777777777777,0.6333333333333333,0.6064679048550016,OK,
214,STATION_ONEHOT,"sst,chlorophyll_a,rainfall,wind_speed,month,year,station_cat",0.34,0.66,FULL_LOW_12_MED_14,P_MED_105,0.5166666666666666,0.4,0.11666666666666664,0.46693813901002523,0.4,0.32522812667740203,0.6333333333333333,0.6086481513426485,OK,
215,STATION_ONEHOT,"sst,chlorophyll_a,rainfall,wind_speed,month,year,station_cat",0.34,0.66,FULL_LOW_12_MED_14,P_LOW_105_MED_105,0.543939393939394,0.45454545454545453,0.08939393939393939,0.5035438765860404,0.45454545454545453,0.39843960182943233,0.6333333333333333,0.6086481513426485,OK,
216,STATION_ONEHOT,"sst,chlorophyll_a,rainfall,wind_speed,month,year,station_cat",0.34,0.66,LEAF2_LOW_13_MED_13,P_NORMAL,0.5333333333333333,0.4,0.1333333333333333,0.4831592524015256,0.4,0.3331719128329298,0.6666666666666666,0.6331465919701214,OK,
217,STATION_ONEHOT,"sst,chlorophyll_a,rainfall,wind_speed,month,year,station_cat",0.34,0.66,LEAF2_LOW_13_MED_13,P_LOW_105,0.5333333333333333,0.4,0.1333333333333333,0.4892500978306063,0.4,0.3331719128329298,0.6666666666666666,0.6453282828282828,OK,
218,STATION_ONEHOT,"sst,chlorophyll_a,rainfall,wind_speed,month,year,station_cat",0.34,0.66,LEAF2_LOW_13_MED_13,P_LOW_110,0.5325757575757576,0.38181818181818183,0.15075757575757576,0.49491958794115987,0.38181818181818183,0.32226399331662486,0.6833333333333333,0.6675751825656949,OK,
219,STATION_ONEHOT,"sst,chlorophyll_a,rainfall,wind_speed,month,year,station_cat",0.34,0.66,LEAF2_LOW_13_MED_13,P_MED_105,0.5340909090909091,0.41818181818181815,0.11590909090909093,0.486506840130452,0.41818181818181815,0.36365407434957403,0.65,0.60935960591133,OK,
220,STATION_ONEHOT,"sst,chlorophyll_a,rainfall,wind_speed,month,year,station_cat",0.34,0.66,LEAF2_LOW_13_MED_13,P_LOW_105_MED_105,0.525,0.4,0.125,0.4769706381483952,0.4,0.3331719128329298,0.65,0.6207693634638606,OK,
221,CYCLIC_AND_ONEHOT,"sst,chlorophyll_a,rainfall,wind_speed,month_sin,month_cos,year,station_cat",0.34,0.66,FULL_BALANCED,P_NORMAL,0.6068181818181818,0.5636363636363636,0.04318181818181821,0.5239809603570332,0.5636363636363636,0.4294969596462133,0.65,0.6184649610678531,OK,
222,CYCLIC_AND_ONEHOT,"sst,chlorophyll_a,rainfall,wind_speed,month_sin,month_cos,year,station_cat",0.34,0.66,FULL_BALANCED,P_LOW_105,0.6068181818181818,0.5636363636363636,0.04318181818181821,0.5239809603570332,0.5636363636363636,0.4294969596462133,0.65,0.6184649610678531,OK,
223,CYCLIC_AND_ONEHOT,"sst,chlorophyll_a,rainfall,wind_speed,month_sin,month_cos,year,station_cat",0.34,0.66,FULL_BALANCED,P_LOW_110,0.6068181818181818,0.5636363636363636,0.04318181818181821,0.5239809603570332,0.5636363636363636,0.4294969596462133,0.65,0.6184649610678531,OK,
224,CYCLIC_AND_ONEHOT,"sst,chlorophyll_a,rainfall,wind_speed,month_sin,month_cos,year,station_cat",0.34,0.66,FULL_BALANCED,P_MED_105,0.581060606060606,0.5454545454545454,0.03560606060606064,0.5167008151580381,0.5454545454545454,0.4427485557920341,0.6166666666666667,0.5906530745240423,OK,
225,CYCLIC_AND_ONEHOT,"sst,chlorophyll_a,rainfall,wind_speed,month_sin,month_cos,year,station_cat",0.34,0.66,FULL_BALANCED,P_LOW_105_MED_105,0.571969696969697,0.5272727272727272,0.04469696969696974,0.49994192187740577,0.5272727272727272,0.4092307692307693,0.6166666666666667,0.5906530745240423,OK,
226,CYCLIC_AND_ONEHOT,"sst,chlorophyll_a,rainfall,wind_speed,month_sin,month_cos,year,station_cat",0.34,0.66,FULL_LOW_12_MED_12,P_NORMAL,0.5553030303030303,0.5272727272727272,0.028030303030303072,0.49484265734265737,0.5272727272727272,0.43173076923076925,0.5833333333333334,0.5579545454545455,OK,
227,CYCLIC_AND_ONEHOT,"sst,chlorophyll_a,rainfall,wind_speed,month_sin,month_cos,year,station_cat",0.34,0.66,FULL_LOW_12_MED_12,P_LOW_105,0.5371212121212121,0.4909090909090909,0.04621212121212123,0.4727951507556771,0.4909090909090909,0.38763575605680867,0.5833333333333334,0.5579545454545455,OK,
228,CYCLIC_AND_ONEHOT,"sst,chlorophyll_a,rainfall,wind_speed,month_sin,month_cos,year,station_cat",0.34,0.66,FULL_LOW_12_MED_12,P_LOW_110,0.5280303030303031,0.4727272727272727,0.055303030303030326,0.4679856359291843,0.4727272727272727,0.37801672640382317,0.5833333333333334,0.5579545454545455,OK,
229,CYCLIC_AND_ONEHOT,"sst,chlorophyll_a,rainfall,wind_speed,month_sin,month_cos,year,station_cat",0.34,0.66,FULL_LOW_12_MED_12,P_MED_105,0.5553030303030303,0.5272727272727272,0.028030303030303072,0.49484265734265737,0.5272727272727272,0.43173076923076925,0.5833333333333334,0.5579545454545455,OK,
230,CYCLIC_AND_ONEHOT,"sst,chlorophyll_a,rainfall,wind_speed,month_sin,month_cos,year,station_cat",0.34,0.66,FULL_LOW_12_MED_12,P_LOW_105_MED_105,0.5462121212121211,0.509090909090909,0.037121212121212166,0.4894710998877666,0.509090909090909,0.42098765432098767,0.5833333333333334,0.5579545454545455,OK,
231,CYCLIC_AND_ONEHOT,"sst,chlorophyll_a,rainfall,wind_speed,month_sin,month_cos,year,station_cat",0.34,0.66,FULL_LOW_12_MED_14,P_NORMAL,0.5643939393939394,0.5454545454545454,0.018939393939393978,0.500259324009324,0.5454545454545454,0.44256410256410256,0.5833333333333334,0.5579545454545455,OK,
232,CYCLIC_AND_ONEHOT,"sst,chlorophyll_a,rainfall,wind_speed,month_sin,month_cos,year,station_cat",0.34,0.66,FULL_LOW_12_MED_14,P_LOW_105,0.5553030303030303,0.5272727272727272,0.028030303030303072,0.49484265734265737,0.5272727272727272,0.43173076923076925,0.5833333333333334,0.5579545454545455,OK,
233,CYCLIC_AND_ONEHOT,"sst,chlorophyll_a,rainfall,wind_speed,month_sin,month_cos,year,station_cat",0.34,0.66,FULL_LOW_12_MED_14,P_LOW_110,0.5553030303030303,0.5272727272727272,0.028030303030303072,0.49557490105735724,0.5272727272727272,0.43319525666016895,0.5833333333333334,0.5579545454545455,OK,
234,CYCLIC_AND_ONEHOT,"sst,chlorophyll_a,rainfall,wind_speed,month_sin,month_cos,year,station_cat",0.34,0.66,FULL_LOW_12_MED_14,P_MED_105,0.5553030303030303,0.5272727272727272,0.028030303030303072,0.49457070707070705,0.5272727272727272,0.4311868686868687,0.5833333333333334,0.5579545454545455,OK,
235,CYCLIC_AND_ONEHOT,"sst,chlorophyll_a,rainfall,wind_speed,month_sin,month_cos,year,station_cat",0.34,0.66,FULL_LOW_12_MED_14,P_LOW_105_MED_105,0.5462121212121211,0.509090909090909,0.037121212121212166,0.48898948273948273,0.509090909090909,0.42002442002442003,0.5833333333333334,0.5579545454545455,OK,
236,CYCLIC_AND_ONEHOT,"sst,chlorophyll_a,rainfall,wind_speed,month_sin,month_cos,year,station_cat",0.34,0.66,LEAF2_LOW_13_MED_13,P_NORMAL,0.5515151515151515,0.43636363636363634,0.11515151515151514,0.4988083704692644,0.43636363636363634,0.3553420011305823,0.6666666666666666,0.6422747398079466,OK,
237,CYCLIC_AND_ONEHOT,"sst,chlorophyll_a,rainfall,wind_speed,month_sin,month_cos,year,station_cat",0.34,0.66,LEAF2_LOW_13_MED_13,P_LOW_105,0.5515151515151515,0.43636363636363634,0.11515151515151514,0.4988083704692644,0.43636363636363634,0.3553420011305823,0.6666666666666666,0.6422747398079466,OK,
238,CYCLIC_AND_ONEHOT,"sst,chlorophyll_a,rainfall,wind_speed,month_sin,month_cos,year,station_cat",0.34,0.66,LEAF2_LOW_13_MED_13,P_LOW_110,0.5340909090909091,0.41818181818181815,0.11590909090909093,0.48463675850909316,0.41818181818181815,0.3447785675232367,0.65,0.6244949494949495,OK,
239,CYCLIC_AND_ONEHOT,"sst,chlorophyll_a,rainfall,wind_speed,month_sin,month_cos,year,station_cat",0.34,0.66,LEAF2_LOW_13_MED_13,P_MED_105,0.5606060606060606,0.45454545454545453,0.10606060606060605,0.5142583377932948,0.45454545454545453,0.38624193577864285,0.6666666666666666,0.6422747398079466,OK,
240,CYCLIC_AND_ONEHOT,"sst,chlorophyll_a,rainfall,wind_speed,month_sin,month_cos,year,station_cat",0.34,0.66,LEAF2_LOW_13_MED_13,P_LOW_105_MED_105,0.5515151515151515,0.43636363636363634,0.11515151515151514,0.4988083704692644,0.43636363636363634,0.3553420011305823,0.6666666666666666,0.6422747398079466,OK,
